ox,ܓx,s撬,Z\,n,p󋵕\,\,Kwinj,OʓH敪,OʓH̕ʋ敪,OʓH̕,ӂ̓yn̗p̌,w,w,pr敪,h΋敪,gROi
503374.822,128709.27,,s@揬Q|QW|Q,156,Z,W2,2,s撬,,55,ʏZAAp[gAHꓙ݂Zn,x؏Ҋ,600,H,h,295000
503392.626,128742.206,,s@搼TLQ|U|Q,105,_,RC2,2,s撬,,72,ZAAp[gAZn,,600,1,h,380000
503420.835,128754.564,,s@搼TLS|V|PW,149,Z,W2,2,s撬,,60,ZAAp[gԊZn,TL,850,1Z,h,332000
503422.844,128696.8,,s@您ԒP|PS|PP,71,_,S3,3,s撬,,80,K͂̏Xܓԏƒn,Ԓ,170,,h,400000
503447.451,128623.65,,s@擌l؂Q|S|PU,528,_,_,0,s撬,,68,K͍Hꓙ̒ɈʏZ݂Hƒn,,1200,H,h,216000
503450.352,128767.728,,s@TLT|RX|Q,205,_,S3,3,s撬,,80,X܁AcƏAZԏƒn,TL,240,,h,460000
503452.451,128752.658,,s@TLR|PW|R,165,Z,RC7,7,s撬,,110,X܁A}Vԉw쑤̏ƒn,TL,230,,h,600000
503455.982,128851.096,,s@搼R|QO|X,100,_,W2,2,s撬,k,70,ZAAp[ĝقɔnZn,TL,3700,1,h,162000
503457.181,128657.045,,s@旧΂P|PX|V,151,_,S2,2,s撬,,72,HX܁AXܓwȌƒn,,60,,h,558000
503462.46,128682.026,,s@旧΂U|PO|U,91,_,W3,3,s撬,,45,ZAAp[ĝقX܂݂Zn,u,600,1Z,h,316000
503469.389,128593.814,,s@搼VS|QO|X,89,_,W2,2,s撬,,60,ʏZAX܁AAp[g݂̍Zn,V,790,H,h,352000
503471.863,128664.058,,s@旧΂W|QS|PR,82,_,W3,3,s撬,쐼,109,ẅʏZAZԏZn,,600,1Z,h,336000
503479.806,128675.796,,s@˂P|T|S,160,Z,W2,2,s撬,k,63,K͏ZAAp[gԊՐÂȏZn,u,350,1Z,h,385000
503482.063,128688.421,,s@˂R|RS|T,267,Z,S10,10,s撬,k,118,w̓X܌Z𒆐SƂ鏤ƒn,u,180,,h,500000
503492.12,128644.447,,s@扜˂Q|QW|V,102,_,W2,2,s撬,k,60,ʏZ̒ɃAp[gZn,,1200,H,h,283000
503496.469,128579.42,,s@VQ|V|R,117,_,S3,3,s{,쐼,180,X܁AwXܕtZԏƒn,V,190,,h,676000
503507.416,128812.639,,s@搅R|PO|PR,148,_,W3,3,s撬,k,80,ʏZ̒ɒԏꓙZn,,1800,1,h,224000
503516.336,128855.037,,s@擌T|SR|Q,170,_,W2,2,s撬,쐼,60,ʏẐقɔnZn,,3100,2,h,178000
503517.046,128690.773,,s@捂Q|QW|T,171,_,W2,2,s撬,k,54,ʏZAAp[gԏZn,,500,1,h,312000
503520.082,128620.196,,s@扜˂S|PV|Q,105,_,W2,2,s撬,,60,ZAZAƏ݂Zn,V,1600,1Z,h,289000
503524.62,128772.462,,s@擌P|PO|PO,92,_,S3,3,s撬,k,110,XܕpZX܃rԏƒn,,250,,h,595000
503529.346,128736.42,,s@ĖQ|QP|W,110,_,S3,3,s撬,k,110,ʏZAZAXܓ݂Zn,Ė,800,H,h,314000
503535.817,128802.473,,s@擌Q|PR|PW,123,_,W2,2,s撬,,50,ʏZ̒ɃAp[gZn,,1200,2,h,260000
503539.302,128672.019,,s@דcS|QO|R,132,_,W2,2,s撬,쐼,54,ʏZƃAp[gԏZn,,1200,2,h,294000
503540.328,128784.007,,s@擌R|RS|P,112,_,W3,3,s撬,쐼,40,ʏZ𒆐SƂ搮RƂZn,,600,1Z,h,363000
503552.863,128706.747,,s@ĖS|PV|PO,99,_,W2,2,s撬,쓌,54,ʏZ̑搮RƂZn,VĖ,320,2,h,323000
503554.658,128761.134,,s@R|RX|W,160,_,LS2,2,s撬,k,90,K͂̈ʏZ搮RƂZn,,720,2,h,360000
503555.443,128726.812,,s@ĖV|V|P,66,_,S3,3,s{,,110,X܁AHXԏƒn,Ė,170,,h,353000
503567.082,128712.248,,s@ĖU|QX|P,140,_,W2,2,s撬,,54,ʏZ̒ɋZZn,VĖ,300,1,h,299000
503429.666,128572.123,]ː,s@]ː敽V|RP|PR,122,_,W2,2,s撬,k,45,ʏZAZɍHꓙZn,,1100,H,h,285000
503432.734,128533.704,]ː,s@]ː敽R|PU|QP,191,_,W2,2,s撬,쓌,70,ʏZAZɎƏZn,,400,1Z,h,383000
503439.829,128539.991,]ː,s@]ː敽S|W|V,186,_,S6,6,s撬,쐼,82,HX܁AXܓwOʂ̏ƒn,,190,,h,700000
503459.544,128530.065,]ː,s@]ː敽P|PR|PR,105,_,LS2,2,s撬,k,36,K͈ʏZZn,,850,1Z,h,310000
503484.321,128398.933,]ː,s@]ː搼R|T|PT,89,Z,W2,2,s撬,쐼,60,wZ֐̂悢Zn,,400,1Z,h,481000
503495.195,128391.376,]ː,s@]ː搼U|PT|Q,118,fÏ,RC6F1B,6,s撬,,9999,wrԉwOLɖʂƒn,,0,,h,1430000
503511.043,128437.341,]ː,s@]ːFcPSQUԂS,148,_,LS2,2,s撬,쐼,85,ʏZAAp[gԏZn,Dx,1000,1,h,339000
503513.831,128537.164,]ː,s@]ː揼P|QR|W,148,Z,LS2,2,s撬,k,140,ZAZAƏ݂Zn,V,1600,1Z,h,332000
503514.726,128383.807,]ː,s@]ː撆T|U|PR,151,_,W2,2,s撬,,60,K͈ʏZAZZn,,800,1Z,h,460000
503516.718,128408.904,]ː,s@]ːkS|QT|QQ,1115,Ԍ,S3,3,s{,,250,X܁AXܕtZԘHƒn,,960,ߏ,h,502000
503518.513,128418.362,]ː,s@]ːkS|QO|PR,112,_,W2,2,s撬,쐼,60,wZ𒆐SɎƏ݂Zn,,1300,1Z,h,384000
503518.572,128512.921,]ː,s@]ː擌Q|PR|PO,99,_,W2,2,s撬,k,52,K͏ZAAp[gZn,Dx,1700,1Z,h,282000
503524.9,128541.318,]ː,s@]ː撆P|R|S,233,fÏ,S5,5,,,180,wXܕtrԏƒn,V,1600,,h,391000
503528.965,128502.805,]ː,s@]ː揼]R|U|PS,142,_,W3,3,s撬,,63,ʏZ̒ɃAp[gZn,Dx,1400,1Z,h,302000
503529.655,128485.705,]ː,s@]ː揼]S|QQ|PR,145,Z,S4,4,s撬,쓌,73,K͍HAZ鍬ݏZn,Dx,1000,H,h,297000
503533.026,128442.298,]ː,s@]ːDxV|T|PV,92,_,W3,3,s撬,쓌,91,ʏZAK͍Ə݂̍Zn,Dx,920,1,h,357000
503541.388,128391.462,]ː,s@]ː撆R|RV|S,323,_,SRC9F1B,9,s撬,,70,wrAX܂ԉwOƒn,,100,,h,816000
503544.628,128537.246,]ː,s@]ː撆Q|PT|PQ,69,Z,S3,3,s撬,,109,K͂̓XܕpZԋߗ׏ƒn,V,2100,ߏ,h,336000
503545.265,128353.638,]ː,s@]ː슋Q|W|PX,99,_,W2,2,s撬,,60,ZAwZԏZn,,1200,1Z,h,381000
503545.587,128471.565,]ː,s@]ːV]U|PS|R,72,_,W2,2,s撬,쓌,40,ʏZAAp[gԏZn,V],900,1,h,305000
503549.665,128452.308,]ː,s@]ːt]ܒڂTԂSV,97,_,W2,2,s撬,,50,ʏZAAp[gԏZn,V],980,1,h,293000
503549.682,128613.432,]ː,s@]ːFQ|PV|PW,53,_,W2,2,s撬,,64,ʏẐقɃAp[gZn,,1200,1,h,287000
503552.671,128578.915,]ː,s@]ː揼{P|QV|W,70,_,W2,2,s撬,,55,ʏZ̒ɃAp[gZn,V,1700,1,h,280000
503563.326,128538.243,]ː,s@]ː吙Q|S|S,132,_,W2,2,s撬,,65,ʏẐقɃAp[gZn,V],2400,1,h,268000
503569.385,128621.39,]ː,s@]ː쏬U|QQ|PT,100,_,W2,2,s撬,,54,ʏZ̒ɃAp[gZn,,660,1Z,h,394000
503572.446,128645.773,]ː,s@]ː搼P|QU|V,297,_,SRC10,10,s{,k,250,w̓X܌ԘHƒn,,270,,h,774000
503582.518,128673.741,]ː,s@]ːkU|PQ|X,95,Z,S4,4,s撬,,80,w̏Xܓԏƒn,,80,,h,468000
503586.556,128614.896,]ː,s@]ː쏬R|V|PP,101,_,S3,3,,k,120,X܁Aw}V݂Hƒn,,900,ߏ,h,360000
503592.097,128545.7,]ː,s@]ː掭P|R|PP,165,_,W2,2,s撬,,70,ʏZƔ_n݂Zn,,1800,1,h,254000
503592.62,128680.087,]ː,s@]ːkU|SO|PP,161,_,RC2,2,s撬,,60,ʏZAAp[gԏZn,,530,1,h,312000
503592.915,128642.043,]ː,s@]ː擌U|W|X,78,_,W2,2,s撬,k,55,K͈ʏZAZԏZn,,510,1Z,h,365000
503599.878,128623.99,]ː,s@]ː擌S|PR|S,131,_,LS2,2,s撬,k,78,K͈ʏZ搮RƂZn,,850,1Z,h,338000
503600.396,128528.089,]ː,s@]ːVxP|SQ|P,222,Z,RC6,6,,,250,^X܁AZԘHƒn,,1400,H,h,302000
503603.664,128476.844,]ː,s@]ː搼]OڂQSԂTQ,51,_,W2,2,,쓌,40,K͈ʏZAAp[gZn,V],780,1,h,290000
503609.52,128533.932,]ː,s@]ːVxQ|PS|PR,167,_,W2,2,s撬,,60,ʏZAX܁AƏ݂Zn,,1400,1Z,h,280000
503618.667,128499.748,]ː,s@]ː搐]S|RT|W,89,_,W3,3,s撬,k,60,yn搮Ƃis̏Zn,],410,1Z,h,393000
503634.278,128494.491,]ː,s@]ː搐]Q|R|PT,238,_,RC5,5,s撬,쓌,160,wX܃rԉwOƒn,],90,,h,763000
503659.246,128472.995,]ː,s@]ː]ː꒚ڂSQԂX,111,_,W2,2,s撬,k,60,ʏẐقɒԏꓙZn,],1100,1,h,286000
503669.225,128504.978,]ː,s@]ː蒬P|QW|R,117,_,W3,3,s撬,쐼,80,wZAƏ݂Zn,],1200,1,h,308000
503682.88,128514.909,]ː,s@]ː蒬S|PR|PW,76,_,W2,2,s撬,쓌,110,XܕpZAZHƒn,,1300,ߏ,h,319000
503246.435,128299.83,],s@]LP|R|PV,3343,Z,RC9,9,s撬,쓌,250,w̋ZAqɓ݂Zn,LejX̐X,240,H,h,600000
503250.587,128418.932,],s@]iQ|QP|Q,75,_,S3,3,s撬,k,60,ˌZ̑ZƏ݂Zn,O,320,H,h,543000
503263.562,128420.931,],s@]OQ|T|PP,317,_,SRC6,6,s{,쐼,330,wX܁Arԏƒn,O,1,,h,1720000
503278.922,128412.322,],s@]xP|QU|PR,198,Z,SRC9,9,s{,k,330,X܌}VAwX܂ԏƒn,O,280,,h,1150000
503287.556,128310.224,],s@]擌_Q|U|PX,3741,Z,SRC14,14,s{,,400,w}VAX܁AƏԒn,_,180,H,h,669000
503321.288,128417.641,],s@]擌zT|PU|R,66,Z,S4,4,s撬,,150,wX܌Zԋߗ׏ƒn,؏,470,ߏ,h,516000
503332.404,128416.311,],s@]擌zT|QU|V,296,Z,RC5,5,s撬,k,80,ZAZA݂Zn,z,370,H,h,535000
503334.092,128474.596,],s@]扎]Q|X|S,148,Z,S3,3,s撬,k,60,}VAAp[g݂Zn,Zg,90,H,h,551000
503339.94,128477.606,],s@]ZgQ|QV|Q,94,Ԍ,S3,3,s撬,,50,ʏẐقZZn,Zg,100,1Z,h,500000
503342.708,128459.724,],s@]R|PT|PO,78,Z,S5,5,s{,,220,X܁ApZԏƒn,Zg,580,,h,566000
503352.778,128524.677,],s@]T˂Q|V|V,103,Z,S5,5,s{,k,270,HXAX܌Zԏƒn,T,950,,h,578000
503358.533,128444.79,],s@]썻꒚ڂQWPԂQO,98,z,_,0,s撬,,110,ʏZAZAqɓ݂̍Zn,z,1300,H,h,424000
503359.007,128505.999,],s@]T˂P|W|S,209,_,SRC8,8,,k,400,}VAřԏƒn,T,500,,h,741000
503362.411,128427.778,],s@]썻Q|PU|U,47,_,W2,2,H,k,36,K͈ʏZԏZn,z,900,1Z,h,388000
503366.663,128382.439,],s@]VQ|R|Q,3773,_,S3,3,s{,,300,Z^[AHAƏԒn,z,1400,H,h,400000
503368.382,128517.06,],s@]T˂Q|QW|Q,273,_,RC5,5,s撬,,80,AcƏAXܓԏƒn,T,350,,h,619000
503374.321,128478.806,],s@]哇P|RR|PT,105,fÏ,RC4,4,s{,,220,w̓X܌}Vԏƒn,哇,100,,h,669000
503376.128,128490.11,],s@]哇R|R|V,131,Ԍ,S3,3,,k,38,HAʏZAAp[g݂Zn,哇,320,H,h,400000
503376.977,128523.042,],s@]T˂S|PV|QU,142,_,S3,3,s撬,,73,X܌ZA݂鏤ƒn,T,470,ߏ,h,496000
503391.58,128415.704,],s@]썻R|W|QU,90,_,S3,3,,쓌,59,ʏZ̒ɓXܓZn,썻,350,1Z,h,425000
503394.063,128446.847,],s@]kS|QS|S,79,_,S3,3,s撬,k,55,K͂̏Xܓԋߗ׏ƒn,哇,1400,ߏ,h,547000
503400.816,128502.575,],s@]T˂V|R|T,94,Ԍ,S3,3,s撬,k,60,ʏZAZAƏ݂n,T,750,H,h,410000
503407.004,128472.963,],s@]哇T|QW|PW,55,_,S3,3,s撬,,55,ʏZAAp[g݂Zn,哇,380,1Z,h,408000
503414.616,128509.09,],s@]T˂V|SP|PP,259,ZԌ,SRC9,9,,k,300,X܁A}VAƏ݂鏤ƒn,T,900,,h,585000
503418.661,128318.796,],s@]V؏S|R|PV,4695,,_,0,H,,120,K͂̍HꂪԍHƒn,V؏,1300,H,h,280000
503425.639,128404.973,],s@]擌W|W|PR,63,_,LS3,3,,,40,K͈ʏZԏZn,썻,1000,1Z,h,346000
503439.245,128454.4,],s@]擌R|PU|QV,349,Z,SRC11,11,s{,,200,X܌ZAʏZ݂Zn,哇,1100,H,h,441000
502961.659,128397.42,`,s@`kRR|T|RO,465,_,SRC9F2B,9,s{,쐼,360,wX܃rԔɉ؂ȏƒn,\Q,50,,h,25700000
502982.205,128367.213,`,s@`RV|PR|T,652,Z,RC5,5,s撬,k,56,ʏẐقɃ}VԏZn,\Q,1100,1,h,1500000
502985.557,128385.021,`,s@`RS|QU|PW,183,_,RC3F1B,3,s撬,k,53,ZA݂Zn,\Q,560,1,h,1740000
502992.675,128412.985,`,s@`RQ|PS|PT,168,_,RC4F1B,4,s撬,쐼,90,w̓X܌rԏƒn,OO,180,ߏ,h,2120000
502997.849,128309.911,`,s@`攒T|S|PS,601,Z,RC3F1B,3,s撬,쐼,44,}V̑ՐÂȏZn,,700,1,h,1240000
503000.976,128346.852,`,s@`얃zT|PT|QT,671,Z,SRC8F1B,8,s{,,250,w̓X܌Zԏƒn,L,80,,h,3170000
503011.093,128367.335,`,s@`搼zR|PT|W,321,Z,S3,3,s撬,,55,ʏZAZ݂ՐÂȏZn,Z{,850,1,h,1680000
503015.454,128377.689,`,s@`搼zR|P|PW,113,Z,SRC7F1B,7,s{,k,400,w̓X܁Arԏƒn,Z{,400,,h,2810000
503018.521,128407.021,`,s@`ԍW|PP|RV,670,_,SRC7F1B,7,s{,,180,w̓X܁Arƒn,T؍,130,,h,4100000
503019.598,128370.338,`,s@`挳zR|P|RW,327,Z,SRC7F1B,7,s撬,k,120,ZAX܌rԏƒn,Z{,520,ߏ,h,2250000
503034.076,128280.85,`,s@`捂ւR|T|PQ,411,ZԌ,RC3,3,s撬,,53,wZAˌZ݂Zn,֑,240,1Z,h,1220000
503036.952,128385.299,`,s@`Z{؂U|P|T,67,_,RC5F1B,5,s撬,k,110,K͂Ȓw̓X܁Arƒn,Z{,90,,h,4070000
503041.172,128362.801,`,s@`斃z\ԂQ|T|R,101,Z,RC6,6,s撬,k,120,X܌ZAԏƒn,z\,300,,h,2690000
503043.385,128298.753,`,s@`捂ւP|QP|R,100,Z,S4,4,s撬,쓌,130,X܁A}V݂n,,500,ߏ,h,1420000
503048.486,128311.308,`,s@`捂ւP|X|T,151,_,W2,2,s撬,,65,K͈ʏZ搮RƂZn,,250,1,h,1290000
503048.956,128374.178,`,s@`Z{؂T|PR|P,365,Z,RC4F1B,4,s撬,k,85,}VɑgٓՐÂȏZn,z\,400,2,h,2120000
503053.098,128430.954,`,s@`ԍR|PP|PX,200,_,RC5F1B,5,s撬,쐼,81,w̓X܃rԏƒn,ԍ〈,220,,h,2530000
503055.893,128399.306,`,s@`Z{؂Q|R|X,166,_,SRC8F2B,8,s{,쓌,480,w̎AXܓԏƒn,Z{؈꒚,200,,h,4890000
503056.711,128366.191,`,s@`擌zR|S|X,160,_,S4,4,s撬,,60,}V̂قɎ݂Zn,z\,160,1Z,h,1390000
503057.222,128422.714,`,s@`ԍQ|PR|QR,129,_,SRC7F1B,7,s{,k,150,w̓X܃rԔɉ؂ȏƒn,ԍ,90,,h,4350000
503060.058,128378.099,`,s@`斃zR|S|PO,199,_,SRC7F1B,7,s{,k,183,wX܌Ɋr鏤ƒn,Z{؈꒚,450,,h,2850000
503067.731,128303.187,`,s@`捂֓񒚖ڂPԂX,737,z,_,0,,k,330,w̎AXܓԏƒn,x,1,,h,3300000
503073.939,128364.102,`,s@`擌zP|PU|X,89,_,RC5,5,s撬,,97,K͂̓X܌Z鏤ƒn,ԉH,300,ߏ,h,1370000
503080.379,128364.822,`,s@`擌zP|PO|PQ,157,Ԍ,SRC9,9,,쐼,300,wA}V݂鏤ƒn,ԉH,260,,h,2880000
503081.835,128336.545,`,s@`łT|PR|PR,178,Z,SRC8F1B,8,,,300,w̓X܌rԏƒn,c,530,,h,3250000
503082.859,128304.525,`,s@`ŉYS|T|PU,371,Z,RC9,9,s撬,,109,wẐقr݂n,c,800,H,h,1390000
503083.022,128262.004,`,s@``Q|PR|RV,2479,_,SRC8F1B,8,s{,,270,w̎rƒn,i,380,,h,3560000
503097.161,128405.813,`,s@`ՃmP|PU|W,150,_,SRC7F1B,7,s撬,쓌,110,w̎rԏƒn,Ճm,240,,h,3540000
503098.295,128313.435,`,s@`ŉYR|PQ|R,81,_,RC5,5,s撬,k,180,w̓X܁Arԏƒn,c,400,,h,2350000
503101.465,128413.31,`,s@`ՃmP|P|QP,989,_,SRC9F3B,9,s{,쐼,330,w̓X܁Aƒn,Ճm,1,,h,12500000
503105.357,128383.813,`,s@`搼VR|QR|T,1210,Ԍ,SRC14F1B,14,s{,쓌,330,w̓X܁Arԏƒn,䐬,100,,h,5750000
503113.21,128356.633,`,s@`őQ|PP|P,400,Ԍ,SRC8,8,s撬,k,110,w̎rԏƒn,,220,,h,2080000
503120.546,128406.914,`,s@`VP|PW|PU,1176,ԏ,SRC9F3B,9,s{,쐼,330,w̓X܌ԒSIƒn,K,1,,h,12300000
503123.044,128384.551,`,s@`VT|PS|S,259,ԏ,RC9F1B,9,,쓌,360,w̎rԏƒn,V,480,,h,4130000
503123.095,128364.823,`,s@`l꒚ڂPQTԂPOO,271,,_,0,s撬,,270,w̓X܁ArwȌƒn,l,90,,h,5110000
503125.836,128312.531,`,s@`C݂R|QQ|RS,4316,_,SRC6,6,s撬,,150,K͂̑qɁAƏ݂n,ŉYӓ,200,H,h,995000
503150.384,128634.379,r,s@r搼闢S|PX|X,142,_,S3,3,s撬,k,53,K͈ʏZAZn,闢,300,1Z,h,577000
503159.25,128699.948,r,s@r擌vW|SS|P,125,Z,S3,3,s{,,250,X܁AAZ݂鏤ƒn,{mO,80,ߏ,h,506000
503170.241,128682.73,r,s@r擌vR|QT|T,237,Z,RC6,6,s{,,250,w̓X܌}Vƒn,ԓywZO,220,,h,618000
503175.709,128628.46,r,s@r搼闢Q|QU|PO,193,_,SRC9F1B,9,s{,k,250,AX܁A}V݂鏤ƒn,闢,260,,h,1340000
503203.991,128631.667,r,s@r擌闢R|SR|X,168,Z,SRC10,10,s{,,180,X܁Aw}V݂鏤ƒn,O͓,300,,h,717000
503213.609,128698.25,r,s@r撬R|QX|PQ,206,Z,RC6,6,s撬,k,110,X܁AAZ݂ߗ׏ƒn,,800,ߏ,h,458000
503214.786,128654.989,r,s@rrQ|QP|Q,102,cƏ,S3,3,s撬,,81,HAcƏZAʏZ݂n,,530,H,h,455000
503220.024,128685.852,r,s@r撬P|W|PR,74,_,W3,3,s撬,k,41,ʏZAAp[gAƏ݂n,,460,H,h,445000
503225.51,128644.096,r,s@rrP|SX|P,189,Z,SRC10,10,s{,k,230,X܁AA}Vԏƒn,O͓,780,,h,750000
503230.315,128628.616,r,s@r擌闢Q|PU|S,101,_,W3,3,s撬,,82,ʏZAZA݂n,Om,490,H,h,475000
503241.259,128652.315,r,s@rZU|QP|P,76,_,W2,2,s撬,,60,K͂̍ƏAX܁AZ݂n,rO,350,H,h,379000
503250.764,128637.595,r,s@rZP|RP|W,92,_,W2,2,s撬,쐼,56,X܂ԃA[P[h̏ƒn,Om,330,ߏ,h,515000
503271.673,128638.624,r,s@rZT|RV|R,262,Z,RC12,12,s{,,200,X܁AX܌Zԏƒn,Z,150,,h,668000
503303.373,128653.949,r,s@rZW|S|V,1658,Z,RC4,4,s撬,,200,w}Vԋ搮RƂn,Z,940,1Z,h,553000
502827.233,128436.181,aJ,s@aJ攦JQ|PX|S,176,Z,SRC10,10,,쓌,400,w̓X܌Zƒn,J,250,,h,1350000
502828.129,128411.284,aJ,s@aJRRS|X,534,Ԍ,W2F1B,2,s撬,,70,K͈ȏ̏Z搮RƂZn,X؏㌴,470,1,h,1090000
502843.728,128415.511,aJ,s@aJ搼R|SP|V,425,_,RC2F1B,2,s撬,,55,K͂̈ʏZ搮RƂZn,X؏㌴,250,1,h,1020000
502856.296,128413.871,aJ,s@aJ搼R|Q|T,89,_,RC4,4,s撬,,75,w̏X܁AHXܓߗ׏ƒn,X؏㌴,300,ߏ,h,1210000
502857.84,128450.655,aJ,s@aJ{P|X|PQ,144,Z,S3,3,s撬,k,34,ʏZAZԏZn,,400,1Z,h,660000
502872.794,128449.348,aJ,s@aJ揉P|RW|PP,115,_,RC5F1B,5,s撬,쐼,97,wX܃rԉwȌƒn,,1,ߏ,h,1300000
502882.383,128407.377,aJ,s@aJxJP|TP|S,92,_,S5,5,s撬,k,130,wX܁ArwȌƒn,X،,80,ߏ,h,1460000
502884.296,128396.046,aJ,s@aJxJP|QR|Q,239,_,LS3,3,s撬,k,63,ʏZAZ݂Zn,X،,550,1,h,930000
502899.395,128364.068,aJ,s@aJ~RQQ|PU,142,ZfÏ,RC5,5,s撬,k,53,w̓X܌}Vƒn,_,80,,h,1350000
502901.411,128459.427,aJ,s@aJX؂R|U|S,235,_,W2,2,s撬,k,41,ʏZAAp[g݂Zn,Vh,500,2,h,1000000
502905.954,128365.698,aJ,s@aJ擹P|PX|PQ,119,_,SRC10,10,s撬,k,220,w̓X܁Arԏƒn,aJ,570,,h,4900000
502912.913,128375.736,aJ,s@aJ擹Q|QX|PX,207,_,RC7F1B,7,s撬,k,200,w̓X܁Arԏƒn,aJ,300,,h,13000000
502915.993,128456.015,aJ,s@aJX؂P|SS|PQ,91,_,RC5,5,s撬,,150,w̎rԏƒn,X,320,ߏ,h,1470000
502921.14,128341.899,aJ,s@aJ扎yPT|R,251,_,W2,2,,쓌,64,ʏZAZԊՐÂȏZn,㊯R,480,2,h,1310000
502923.592,128380.407,aJ,s@aJ_P|QQ|W,317,_,SRC10,10,s撬,,240,w̓X܁Arԏƒn,aJ,250,,h,12900000
502932.276,128472.235,aJ,s@aJʃJT|RQ|PO,1275,ԏ,SRC8F1B,8,s{,,220,w̓X܁Arԏƒn,Vh,430,,h,6800000
502932.29,128419.793,aJ,s@aJ_{OP|PX|PS,115,_,SRC8,8,s撬,k,200,w̓X܁Arԏƒn,h,80,,h,4750000
502935.203,128359.672,aJ,s@aJaJR|QX|QO,1652,_,SRC14F1B,14,s撬,k,100,K͂Ȏrԏƒn,aJ,1,,h,4450000
502937.963,128368.461,aJ,s@aJaJR|U|Q,171,_,SRC9F1B,9,,k,550,w̓X܌rԏƒn,aJ,360,,h,5290000
502946.073,128378.326,aJ,s@aJaJQ|X|X,184,_,SRC9F1B,9,,k,400,w̓X܁Arԏƒn,aJ,600,,h,5530000
502950.552,128318.914,aJ,s@aJbQ|V|U,121,_,W2F1B,2,s撬,k,60,ʏZA}V݂Zn,b,400,1Z,h,1180000
502952.225,128363.437,aJ,s@aJ擌P|T|PO,189,_,RC2,2,s撬,쐼,45,ʏZAZ݂Zn,aJ,810,2,h,1040000
502954.342,128448.694,aJ,s@aJʃJP|QU|PP,181,_,LS3,3,s撬,k,45,ʏZA}V݂Zn,ʃPJ,290,2Z,h,1200000
502957.318,128412.754,aJ,s@aJ_{OR|PU|U,209,_,S2,2,s撬,쓌,35,K͂̈ʏZԊՐÂȏZn,\Q,640,1,h,1420000
502961.291,128327.977,aJ,s@aJbP|PP|Q,192,Z,SRC8,8,s{,k,200,w̓X܁Arԏƒn,b,110,,h,3580000
502993.817,128340.393,aJ,s@aJLT|PU|P,94,Z,RC5,5,s撬,k,110,XAHXAZ݂鏤ƒn,L,180,,h,1720000
502858.351,128566.407,Vh,s@Vh㗎R|QO|PT,155,_,W2,2,s撬,,26,K͈ʏZAAp[g݂Zn,sc,400,1Z,h,495000
502872.414,128492.122,Vh,s@Vh搼VhT|V|P,102,_,S9F1B,9,s{,,250,w̎A}Vԏƒn,Vhܒ,390,,h,1900000
502872.588,128600.58,Vh,s@Vh撆R|QU|PW,204,_,W2,2,s撬,,35,K͂̈ʏZZn,쒷,350,1,h,536000
502878.275,128576.86,Vh,s@Vh撆P|PV|W,130,Z,RC7,7,s撬,k,72,w̓X܌Zԏƒn,,150,,h,730000
502880.887,128517.414,Vh,s@VhkVhQ|PQ|T,132,Z,S3,3,s撬,k,40,K͏ZAAp[g݂Zn,Vh,850,1Z,h,554000
502893.36,128489.114,Vh,s@Vh搼VhQ|U|P,14445,_,SRC52F4B,52,s{,,400,wX܌rԒSIƒn,Vh,640,,h,10600000
502897.297,128526.607,Vh,s@VhkVhP|PQ|PQ,177,_,SRC8,8,s{,k,110,X܁AAZ݂鏤ƒn,v,270,ߏ,h,965000
502897.628,128581.462,Vh,s@Vh撆Q|W|X,193,Z,SRC10F1B,10,s{,,250,w̓Xܕt}VHƒn,,230,ߏ,h,808000
502897.911,128473.206,Vh,s@Vh搼VhR|Q|T,808,_,SRC9F1B,9,,쓌,400,w̎rԏƒn,Vh,640,,h,5520000
502901.763,128498.888,Vh,s@Vh搼VhV|QP|QQ,574,_,SRC10F1B,10,s{,쐼,300,w̓X܁Arԏƒn,Vh,190,,h,4830000
502904.273,128522.433,Vh,s@VhkVhP|V|QO,106,_,SRC9,9,s撬,k,160,wrAX܋Zƒn,v,200,,h,2140000
502908.599,128504.654,Vh,s@Vh搼VhV|PW|PX,200,_,RC5,5,s撬,,63,w̓X܋yђw̃rԏƒn,Vh,650,,h,1300000
502912.086,128568.753,Vh,s@Vh捂cnR|QO|W,102,_,RC3F1B,3,s撬,k,37,K͈ʏZAAp[g݂Zn,cn,800,1,h,562000
502912.593,128528.753,Vh,s@VhSlQ|QO|QP,112,fÏ,RC3,3,s撬,,36,w̓X܌ZZn,v,240,1Z,h,640000
502914.935,128479.718,Vh,s@Vh搼VhP|PW|Q,235,_,SRC9F3B,9,s{,,360,w̓X܌rԍxƒn,Vh,170,,h,19000000
502925.915,128500.535,Vh,s@Vh̕꒬P|PW|X,178,_,SRC12F1B,12,s撬,,180,ẅHXAVZꂪyX̏ƒn,Vh,340,,h,6960000
502928.887,128493.154,Vh,s@VhVhR|PW|T,488,_,SRC10F2B,10,s撬,k,220,w̓X܃rԔɉ؂ȏƒn,Vh,200,,h,17000000
502932.034,128569.056,Vh,s@Vh捂cnS|W|S,277,_,SRC10,10,s{,k,160,Z@ցAwrԉwOƒn,cn,80,,h,3180000
502933.505,128485.408,Vh,s@VhVhR|RR|PO,322,,SRC8F2B,8,s撬,k,150,w̓X܃rɉ؂ȏƒn,VhO,120,,h,9780000
502936.856,128513.252,Vh,s@Vh̕꒬Q|PX|PR,188,_,SRC9F1B,9,s{,k,300,w̎AZ݂鏤ƒn,Vh,200,,h,1920000
502938.468,128555.139,Vh,s@Vh捂cnP|QP|QP,205,_,W2,2,s撬,k,37,K͈ʏZAAp[g݂Zn,cn,390,1,h,670000
502939.627,128488.794,Vh,s@VhVhR|T|S,972,_,SRC9F2B,9,s{,k,220,wX܃rԔɉ؂ȏƒn,VhO,1,,h,17900000
502945.325,128498.404,Vh,s@VhVhT|PT|U,348,Z,SRC11,11,s{,,350,w̎AZԏƒn,VhO,420,,h,2980000
502950.229,128563.16,Vh,s@Vh捂cnQ|W|S,204,_,SRC6F2B,6,s{,,220,w̓X܌ԏƒn,cn,450,,h,1910000
502954.171,128551.612,Vh,s@Vh搼cQ|QO|T,529,Z,SRC13F1B,13,s{,,220,w̓X܌ZHƒn,c,1,,h,1550000
502958.657,128519.609,Vh,s@VhVhV|QQ|PX,95,_,RC3,3,s撬,,32,ʏZAZ݂Zn,Vh,440,1,h,582000
502960.394,128488.556,Vh,s@VhVhP|RS|PT,216,_,SRC10F1B,10,s{,k,325,w̓X܁AԘHƒn,Vh䉑O,370,,h,2120000
502961.325,128477.807,Vh,s@VhVhP|S|PQ,484,_,S9,9,s撬,k,220,w̎rԏƒn,Vh䉑O,1,,h,3480000
502964.151,128484.601,Vh,s@VhVhP|RP|PU,113,_,RC6F1B,6,s撬,,80,w̓X܁Aԏƒn,Vh䉑O,200,,h,1470000
502986.255,128469.254,Vh,s@Vh勞UԂW,201,_,W2,2,s撬,k,37,K͈ʏZA}V݂Zn,lJO,300,1,h,820000
502986.564,128527.956,Vh,s@VhˎRP|V|S,99,_,S3,3,s撬,쐼,40,K͏ZAAp[g݂Zn,ᏼ͓c,480,1,h,624000
502992.3,128522.453,Vh,s@VhᏼRR|X,236,Z,SRC11F1B,11,s{,,150,wX܁Aw}V݂鏤ƒn,ᏼ͓c,300,,h,1380000
503000.279,128475.85,Vh,s@VhlJOڂPԂW,533,_,SRC8F2B,8,,k,400,w̓X܁Arԏƒn,lJO,170,,h,3690000
503014.251,128515.042,Vh,s@VhsJQSԂR,160,Z,RC11,11,s{,,110,w}VAwX܂݂鏤ƒn,,50,,h,1450000
503021.411,128526.156,Vh,s@Vh|VOԂQ,115,_,W2,2,s撬,k,31,ʏZAAp[g]ȌZn,,450,1,h,582000
503021.938,128514.174,Vh,s@VhsJbǒP|T,219,_,W2,2,s撬,,57,K͈ʏZɃ}V݂Zn,,230,1,h,945000
503032.005,128548.349,Vh,s@VhRRRQԂPOO,296,Z,RC12,12,s撬,,225,w̃}VAԏƒn,]ː싴,230,,h,1340000
503061.833,128516.083,Vh,s@VhsJD͌PXԂWO,1438,Z,RC5F1B,5,s撬,쐼,49,w}VԊ̗ǂZn,ѓc,770,1Z,h,1090000
503065.103,128539.373,Vh,s@Vh擌܌R|QW,661,_,RC5F1B,5,s撬,,80,AZ݂n,ѓc,630,H,h,903000
503074.545,128529.728,Vh,s@Vhg꒬Q|PX,127,_,SRC8,8,s{,k,160,w̓X܁Arԏƒn,ѓc,200,,h,1980000
502514.694,128588.738,,s@PS|QR|R,113,_,W2,2,s撬,쓌,54,K͂̈ʏZZn,ΐ_,1100,1,h,480000
502534.128,128558.896,,s@PQ|X|PR,219,_,LS2,2,s撬,,45,K͈ʏZAAp[gԏZn,E,1100,1,h,480000
502554.093,128457.415,,s@vRP|T|PV,3566,Z,RC9F1B,9,s撬,,110,w̋ZArԒn,vR,570,H,h,660000
502556.909,128478.196,,s@vRS|P|S,249,_,RC3,3,s撬,k,62,X܁AHXԉwӂ̏ƒn,vR,90,ߏ,h,576000
502558.077,128514.782,,s@搼Q|PP|Q,191,Z,W2,2,s撬,쐼,54,K͈ʏZAAp[gԏZn,E,700,1,h,549000
502562.63,128578.282,,s@捡S|PV|S,154,_,W3,3,s撬,,55,K͈ʏZ̒ɃAp[gZn,䑐,1400,1,h,426000
502563.414,128527.666,,s@搼R|V|R,68,_,S3,3,s撬,쐼,64,X܁AHXAԏƒn,E,210,,h,750000
502573.874,128540.966,,s@搼kQ|QP|P,100,_,LS2,2,s撬,,45,K͂̏Zԗ֐̗ǂZn,E,520,1,h,564000
502574.293,128524.614,,s@搼S|PT|Q,165,_,W2,2,s撬,,54,K͈ʏZՐÂȏZn,E,550,1,h,566000
502594.188,128466.276,,s@捂ːQ|V|V,133,_,W2,2,s撬,쐼,55,ʏZAZwߗׂ̏Zn,xmu,220,1,h,523000
502595.265,128491.275,,s@{OP|PT|PR,380,_,S3,3,s{,k,110,K͎AX܁AZ݂n,xmu,920,H,h,527000
502605.881,128608.629,,s@䑐꒚ڂUUԂPO,258,z,_,0,s撬,,72,X܁AA}Vԏƒn,䉬,180,ߏ,h,534000
502608.141,128551.628,,s@㉬Q|RX|PT,185,Z,SRC7,7,s{,k,250,w̓X܌ZHƒn,E,850,,h,665000
502609.461,128563.287,,s@操P|QR|U,204,_,W2,2,s撬,,54,K͂̈ʏZՐÂȏZn,E,1100,1,h,461000
502609.793,128590.449,,s@䑐P|P|PP,101,_,RC3,3,s{,,330,X܌ZAřԘHƒn,䉬,590,ߏ,h,542000
502619.783,128509.134,,s@쉬EP|QR|Q,195,_,RC2F1B,2,s撬,쓌,54,K͂̈ʏZZn,E,1000,1,h,569000
502624.412,128542.115,,s@㉬P|PW|PR,411,Z,SRC10F1B,10,s{,k,250,wX܌ZA鏤ƒn,E,320,,h,1060000
502633.906,128510.59,,s@扬EQ|V|S,141,_,W2,2,s撬,,63,K͂̈ʏZZn,E,890,1,h,590000
502642.937,128600.773,,s@扺䑐R|RT|PW,90,_,W2,2,s撬,,54,K͈ʏZɋZZn,䑐,270,1,h,465000
502649.237,128531.203,,s@扬ES|QV|PP,217,_,W2,2,s撬,k,54,ʏZAZԏZn,E,430,1,h,613000
502654.187,128542.093,,s@VP|W|S,170,_,LS2,2,s撬,,40,K͈ʏZAAp[gԏZn,E,700,1,h,500000
502671.341,128453.537,,s@lcRR|PT|PS,230,_,W2,2,s撬,,60,K͂̈ʏZZn,lcR,450,1,h,590000
502688.989,128536.116,,s@戢JR|RV|PS,109,Z,SRC8,8,H,,9999,wƃrԉwȌƒn,PJ,0,,h,1600000
502689.834,128511.443,,s@搬cS|PR|PX,141,_,W2,2,s撬,쓌,51,K͈ʏZԏZn,숢PJ,300,1,h,560000
502690.22,128435.385,,s@iR|QR|PP,284,_,W3,3,s撬,k,110,K͈ʏZԊՐÂȏZn,i,290,1,h,661000
502696.112,128476.444,,s@搬cP|U|PO,146,_,LS2,2,s撬,,49,K͒ẍʏZZn,i,1200,1,h,435000
502702.14,128513.85,,s@戢JP|W|T,284,_,RC5F1B,5,s{,쐼,250,w̓X܌ZԘHƒn,숢PJ,370,,h,794000
502712.384,128545.951,,s@捂~kS|X|PP,82,_,W2,2,s撬,k,45,ʏZAZԏZn,~,900,1,h,540000
502716.765,128431.171,,s@iP|SS|PO,129,É@,LS2,2,s{,k,80,K͂̏X܂ԋߗ׏ƒn,i,110,ߏ,h,681000
502718.516,128423.871,,s@iP|RV|PV,108,_,W2,2,,k,40,ʏZAZԏZn,i,360,1,h,592000
502735.658,128534.688,,s@捂~R|TW|QX,119,_,S4,4,s撬,,59,X܁AHXԏƒn,~,200,,h,956000
502739.878,128542.161,,s@捂~kQ|U|Q,271,_,SRC8,8,s撬,,9999,X܁ArԉwOƒn,~,0,,h,2020000
502740.495,128554.213,,s@捂~kQ|SP|PW,133,_,S3,3,s{,k,150,sAX܂ԘHƒn,~,550,ߏ,h,684000
502751.515,128537.602,,s@捂~S|SO|PO,74,_,W3,3,s撬,쐼,40,K͈ʏZAAp[gZn,~,320,2,h,605000
502757.561,128479.946,,s@xmQ|PR|PP,247,Z,RC8,8,s{,,340,wX܌Zԏƒn,쒬,610,ߏ,h,723000
502758.338,128472.898,,s@xmQ|PP|S,347,Z,RC5,5,s撬,,55,wZ𒆐SƂw̏Zn,쒬,440,2Z,h,496000
502760.089,128549.163,,s@捂~kP|PT|PQ,134,_,W2,2,s撬,,42,K͈ʏZAAp[gԏZn,~,820,1,h,525000
502773.743,128441.726,,s@P|RQ|Q,132,_,W2,2,,,40,K͈ʏZAAp[gԏZn,쒬,780,1,h,452000
502780.1,128496.37,,s@acP|SS|QV,158,_,LS2,2,s撬,,40,K͈ʏZAAp[gԏZn,~,700,1,h,482000
502511.363,128422.449,cJ,s@cJ拋cT|PO|PO,115,_,W2,2,s撬,,60,K͈ʏZƋZԏZn,,1400,1,h,350000
502533.123,128409.873,cJ,s@cJ拋cS|R|W,157,_,W2,2,s撬,쐼,40,K͈ʏZƃAp[gԏZn,ΉGR,1000,1,h,417000
502546.944,128254.651,cJ,s@cJ쑽S|R|PR,129,_,W2,2,s撬,,50,ʏZ̑ɔ_nZn,쑽,1700,1,h,298000
502551.233,128362.409,cJ,s@cJctJS|PV|T,173,_,W3,3,s撬,쐼,40,K͂̈ʏZZn,,1400,1,h,416000
502555.604,128342.211,cJ,s@cJ搬X|X|W,125,_,W2,2,s撬,,40,K͂̌ˌZ̑WZn,wO,1400,1,h,470000
502556.71,128409.274,cJ,s@cJGRU|V|PT,101,_,SRC3,3,s撬,k,40,HAX܁AZԏƒn,ΉGR,180,ߏ,h,716000
502559.865,128303.357,cJ,s@cJ搬Q|RT|PQ,106,_,RC3,3,s撬,k,80,w̓piX܂ԉwOƒn,wO,100,ߏ,h,917000
502561.495,128299.197,cJ,s@cJ搬Q|QQ|PP,186,_,W2,2,s撬,k,63,K͒x̏ZDǏZn,wO,240,1,_,760000
502581.949,128432.752,cJ,s@cJkGRP|RV|R,213,_,W2,2,s撬,쓌,40,K͂̈ʏZZn,Ԍ,700,1,h,451000
502591.49,128323.835,cJ,s@cJctJP|PP|PP,98,Z,RC3,3,s撬,,54,w̏X܁AHXԏƒn,ctJ呠,280,ߏ,h,756000
502594.27,128352.721,cJ,s@cJΑQ|SQ|T,231,_,LS2,2,s撬,,40,ʏZ̒ɃAp[gZn,ctJ呠,1300,1,h,435000
502599.641,128319.596,cJ,s@cJctJP|S|W,114,_,W3,3,s撬,k,40,ʏZƃAp[gԏZn,ctJ呠,260,1,h,538000
502602.055,128297.531,cJ,s@cJmR|RR|RU,102,_,W2,2,s撬,,44,wʏŽԏZn,ctJ呠,780,1,h,494000
502620.226,128402.994,cJ,s@cJ攪RR|QX|W,158,_,W2,2,H,,40,ʏẐقZZn,R,300,1,h,496000
502620.923,128250.956,cJ,s@cJ扪{R|V|Q,245,_,RC2,2,s撬,,60,K͈ʏZ̒ɋnZn,p,1800,1,h,488000
502628.137,128379.398,cJ,s@cJ攪RQ|PS|PO,125,_,W2,2,s撬,,40,K͂̈ʏZZn,R,1200,1,h,442000
502630.855,128415.428,cJ,s@cJkS|QX|QT,351,Z,S6,6,,k,270,X܁AAZ݂Hƒn,R,470,ߏ,h,624000
502635.147,128357.752,cJ,s@cJDS|T|X,256,_,LS2,2,s撬,,36,ʏZAAp[gZn,ΑD,1000,1,h,499000
502638.053,128233.669,cJ,s@cJ扪{Q|R|PX,171,_,LS2,2,s撬,k,53,ʏẐقɋZZn,qʐ,1300,1,h,481000
502647.245,128386.209,cJ,s@cJkP|QQ|RT,200,_,W2,2,s撬,,39,ʏẐقAp[gZn,k,800,1,h,484000
502651.454,128239.07,cJ,s@cJ搣cS|RT|X,165,_,W2F1B,2,s撬,,60,K͈ʏZՐÂȏZn,p,1100,1,h,635000
502658.692,128209.082,cJ,s@cJʐQ|QS|U,406,Z,SRC9,9,,,260,w̓X܁Arԏƒn,qʐ,180,,h,2220000
502667.889,128244.392,cJ,s@cJʐQ|W|X,99,_,W3,3,s撬,k,60,K͈ʏZAZԏZn,p,500,2,h,650000
502669.685,128283.908,cJ,s@cJpS|Q|V,99,_,W2F1B,2,s撬,,60,K͂̈ʏZZn,p,1000,1,h,610000
502679.946,128234.291,cJ,s@cJ搣cR|R|PP,190,Z,LS2,2,s撬,k,60,ʏZƋZԏZn,p,930,1Z,h,600000
502693.893,128334.075,cJ,s@cJoP|T|PU,162,_,W2,2,s撬,k,54,K͈ʏZAZZn,o,410,1,h,611000
502696.544,128304.05,cJ,s@cJR|V|PR,89,Z,S4,4,s{,k,150,X܁AZԘHƒn,㒬,950,ߏ,h,643000
502700.517,128356.791,cJ,s@cJԒP|RO|PR,148,_,RC2,2,s撬,k,55,K͈ʏZՐÂȏZn,o,450,1,h,675000
502702.433,128299.942,cJ,s@cJ挷T|PX|W,225,_,RC2,2,s撬,쓌,60,ʏZƋZԏZn,㒬,890,1,h,596000
502703.851,128397.783,cJ,s@cJԒS|SW|T,99,_,S4,4,s撬,쓌,55,X܁AHXԏƒn,,100,ߏ,h,795000
502706.632,128368.991,cJ,s@cJԒR|X|PP,204,_,W3,3,s撬,k,60,K͈ʏZZZn,,340,1,h,643000
502709.842,128278.523,cJ,s@cJVQ|PS|W,1876,Z,RC8,8,s撬,,60,w}VAƏZn,V,430,H,h,812000
502712.705,128189.765,cJ,s@cJ撆P|QO|PV,201,_,W2F1B,2,s撬,쓌,60,K͈ʏZՐÂȏZn,X,500,1,h,649000
502722.601,128267.633,cJ,s@cJVP|X|QR,139,_,W2,2,s撬,,40,K͂̈ʏZԏZn,V,210,1,h,685000
502729.24,128350.607,cJ,s@cJ捋P|QQ|T,115,_,SRC3F1B,3,s{,,42,w̏X܂̌ԉwȌƒn,,100,ߏ,h,773000
502729.488,128360.895,cJ,s@cJ捋P|TR|W,142,_,S3,3,,k,45,ʏZAZԏZn,,300,1Z,h,578000
502730.238,128397.28,cJ,s@cJ揼Q|PS|PV,151,_,W2,2,,k,36,ʏZԋ搮RƂZn,O,550,1,h,612000
502731.467,128239.408,cJ,s@cJ[V|PT|X,161,_,W2,2,s撬,쐼,60,K͈ʏZՐÂȏZn,V,1400,1,h,645000
502736.46,128306.271,cJ,s@cJ搢cJP|RU|PX,196,_,W2,2,s撬,k,36,ʏẐقɋZZn,cJ,500,1,h,560000
502746.048,128352.611,cJ,s@cJ~uP|UO|PV,169,_,W2,2,s撬,,60,K͈ʏZ𒆐SƂZn,~u,350,1,h,648000
502750.219,128312.46,cJ,s@cJ搢cJP|PQ|PR,115,Z,RC5,5,s{,k,180,w̓X܌Zԏƒn,A_БO,300,ߏ,h,715000
502750.82,128184.897,cJ,s@cJ擙X͂Q|PX|PT,63,_,S3,3,s撬,쓌,110,X܂ԉwȌƒn,R,1,ߏ,h,880000
502752.57,128260.296,cJ,s@cJS|QV|PT,174,_,W2,2,s撬,,53,K͂̈ʏZZn,V,1000,1,h,650000
502752.687,128359.075,cJ,s@cJ~uP|QP|S,110,_,S3,3,s撬,,60,HXAXܓԉwȌƒn,~u,70,ߏ,h,783000
502756.691,128193.01,cJ,s@cJ擙X͌ܒڂRRԂPT,345,_,_,0,s撬,k,60,K͈ʏZ搮RƂZn,R,300,1,h,705000
502764.399,128283.274,cJ,s@cJQ|QT|PQ,215,_,LS2,2,s撬,쐼,54,ʏẐق}VZn,w,600,1,h,625000
502765.126,128166.391,cJ,s@cJRP|PV|S,217,_,LS2,2,s撬,쐼,62,K͂̈ʏZZn,i,760,1,_,631000
502770.084,128362.301,cJ,s@cJcR|TO|PX,165,_,W2,2,s撬,쓌,60,K͈ʏZ搮RƂZn,~u,460,1,h,639000
502777.584,128384.113,cJ,s@cJcT|QX|V,202,Z,RC3,3,s{,,250,X܁AZ݂Hƒn,Vc,1,ߏ,h,685000
502778.549,128234.73,cJ,s@cJ[Q|PS|PQ,223,_,W2,2,s撬,,60,K͂̈ʏZՐÂȏZn,w,1900,1,h,619000
502780.101,128176.526,cJ,s@cJ扜W|RQ|PQ,146,Z,RC3F1B,3,s撬,,80,X܁AX܌Zԏƒn,i,90,ߏ,h,765000
502785.922,128364.74,cJ,s@cJcQ|QR|PU,144,_,W2,2,s撬,,54,ʌˌZԏZn,cJc,300,1,h,715000
502799.485,128314.551,cJ,s@cJOQ|PV|PO,140,_,RC6F1B,6,s{,k,180,X܎rA}Vԏƒn,O,390,,h,1600000
502800.233,128281.11,cJ,s@cJS|PV|V,220,Z,SRC7F1B,7,s{,k,250,X܁AZ݂Hƒn,w,550,ߏ,h,720000
502802.121,128412.35,cJ,s@cJkT|PS|PS,124,Z,W2,2,H,k,36,ʏẐقAp[gԏZn,,460,1,h,590000
502807.512,128377.904,cJ,s@cJkQ|S|PO,370,_,S4,4,s撬,,110,X܁Aԏƒn,k,300,,h,1540000
502816.954,128336.418,cJ,s@cJ摾qR|Q|PU,88,_,W3,3,s撬,,38,K͂̏ZԏZn,O,730,1,h,653000
502825.349,128152.731,cJ,s@cJ擌ʐQ|QW|PR,152,_,W2,2,s撬,k,54,ʏZԊՐÂȏZn,cz,730,1,h,624000
502828.833,128284.226,cJ,s@cJ扺nR|V|W,231,_,W3,3,s撬,k,60,K͈ʏZɃAp[gZn,w|w,1200,1,h,667000
502848.813,128343.777,cJ,s@cJrKR|PW|PQ,82,_,W2,2,s撬,,54,ʏẐقɋZZn,rK勴,450,1Z,h,659000
502854.652,128296.541,cJ,s@cJ扺nP|QS|U,109,_,LS2,2,s撬,k,58,ʏZAAp[gԏZn,SV,950,1,h,665000
503038.454,128477.255,c,s@cZԒUԂPO,2266,Z,SRC10F1B,10,s撬,k,150,w}VA݂Zn,lcJ,330,2Z,h,3900000
503046.971,128472.62,c,s@cԒPQԂPO,436,_,W2,2,s撬,k,75,}VAZA݂Zn,,190,2Z,h,2170000
503048.334,128463.448,c,s@c捍lڂSԂQ,380,_,SRC9F1B,9,,,330,w̓X܁Arԏƒn,,200,,h,6120000
503065.61,128466.792,c,s@c捍񒚖ڂPOԂSO,227,Z,RC6,6,s撬,,80,w}VA݂Zn,,160,2Z,h,2470000
503067.964,128481.861,c,s@cOԒXԂS,2422,Z,RC13F2B,13,s撬,쓌,80,w̋ZZn,,370,1Z,h,2880000
503071.16,128455.783,c,s@c改R|PX,131,_,SRC9,9,s撬,,160,w̓X܌rԏƒn,,180,,h,2800000
503075.544,128491.658,c,s@ciR|Q|PT,86,_,RC7,7,s撬,쓌,110,wX܌Hw̏ƒn,scsJ,520,,h,1850000
503081.062,128417.288,c,s@cւR|V|P,1896,_,S17F1B,17,s{,k,440,w̎Ԋ̑ƒn,rR,270,,h,6750000
503082.895,128517.268,c,s@cxmQ|Q|U,297,_,RC5,5,s撬,쐼,110,w̓X܁Arԏƒn,ѓc,160,,h,2200000
503095.751,128520.798,c,s@cѓcQ|PO|U,203,_,RC5,5,s撬,k,80,K͂̎rԏƒn,ѓc,160,,h,1380000
503123.552,128517.993,c,s@c搼_cP|R|U,206,_,SRC9,9,s{,쐼,270,w̓X܌rԏƒn,,340,,h,3860000
503124.531,128509.162,c,s@c_c_ے񒚖ڂQOԂQO,661,Z,RC7,7,s撬,k,60,w̓X܁Arԏƒn,_ے,150,,h,1320000
503143.128,128519.14,c,s@c_cx͑񒚖ڂPԂSV,438,_,SRC7F1B,7,s撬,k,80,w̎̂قwZAa@鏤ƒn,䒃m,190,,h,2080000
503143.701,128502.901,c,s@c_c쒬OڂUԂTO,222,_,S8F1B,8,s{,쐼,360,ɒw̃X|[cpiXԏƒn,쒬,300,,h,5800000
503145.067,128512.3,c,s@c_cx͑꒚ڂWԂRO,122,_,RC6,6,s撬,k,220,wAX܌rԏƒn,䒃m,240,,h,4570000
503145.436,128439.079,c,s@cۂ̓R|R|P,9827,ԏ,SRC9F4B,9,s{,k,360,K͂ȍwrԏƒn,,480,,h,26300000
503151.847,128475.972,c,s@c蒬P|W|P,3783,dbǎ,SRC23F4B,23,s{,,360,w̖{ЃřԋƖƒn,蒬,1,,h,25100000
503156.298,128491.823,c,s@c_cP|PT|PO,349,h,RC9F2B,9,s撬,k,220,w̓X܌rԏƒn,쒬,250,,h,3700000
503161.945,128501.885,c,s@c_c쒬꒚ڂPԂPO,817,_,S8F1B,8,s{,k,360,w̓X܌̌ԏƒn,WH,1,,h,5330000
503162.79,128487.875,c,s@c_cQ|PP|U,194,ԏ,SRC8F1B,8,s{,,220,w̓X܁Arԏƒn,_c,320,,h,4330000
503165.517,128497.828,c,s@c_ci񒚖ڂPSԂP,136,_,RC5F2B,5,s撬,쐼,80,w̎Aw̓Xܓ݂鏤ƒn,WH,210,,h,1330000
503172.922,128500.723,c,s@c_c{c꒚ڂQUԂQ,114,_,SRC10,10,,k,270,w̓X܌rԏƒn,_c,70,,h,4840000
503176.508,128523.838,c,s@cO_cR|PS|X,165,_,SRC8F2B,8,s{,,360,w̓X܁Arԏƒn,Ht,390,,h,6370000
503178.41,128519.415,c,s@cO_cS|P|P,1028,_,SRC7F1B,7,s{,,370,wX܃r𒆐SƂɉ؂ȏƒn,Ht,250,,h,11000000
503182.819,128496.503,c,s@c_cxRQQԂPO,179,_,SRC9,9,s撬,k,220,w̓X܁Arԏƒn,_c,230,,h,2200000
503188.046,128487.041,c,s@c_cqPOԂP,514,_,SRC7F1B,7,s撬,k,110,w̓X܁Arԏƒn,_c,450,,h,1900000
503188.656,128507.073,c,s@c_c{c񒚖ڂPRԂPQ,186,_,SRC8F2B,8,s撬,k,150,w̎rԏƒn,Ht,130,,h,2040000
503190.685,128519.069,c,s@c_ciPR,235,_,SRC9F1B,9,,,440,w̓X܁Arԏƒn,Ht,140,,h,3260000
503192.014,128490.574,c,s@c{P|R|S,95,_,SRC8,8,s撬,k,220,w̓X܁Arԏƒn,_c,500,,h,2010000
503199.926,128518.484,c,s@c_ca򒬂PԂQXQ,120,_,RC6,6,s撬,,70,wAZAX܂݂鏤ƒn,Ht,300,,h,1090000
503200.536,128505.02,c,s@c{R|V|PR,182,_,RC5,5,s撬,k,80,X܁A݂鏤ƒn,{,240,,h,1170000
503123.668,128731.004,,s@{P|PR|PO,105,_,W2,2,s撬,k,80,K͂ȓX܌Zԋߗ׏ƒn,,1300,ߏ,h,225000
503132.694,128825.228,,s@掭lU|PO|PT,99,_,S3,3,s撬,,60,ʏẐقɍƏ݂Zn,Vt,1200,1Z,h,217000
503154.018,128814.442,,s@]kV|PS|PR,172,Z,RC6,6,s撬,,150,Xܓ̂قɋnHƒn,Vt,680,ߏ,h,274000
503168.395,128751.864,,s@Q|QX|PX,101,_,W2,2,s撬,,50,ʏZ̒ɋZZn,勴,310,1,h,279000
503173.645,128899.163,,s@ɐlP|PT|WO,927,_,S1,1,s{,,330,X܁AZԘHƒn,ɐl,1,H,h,368000
503183.995,128905.229,,s@ɐlP|P|PW,131,_,W2,2,s撬,,74,ʏZAZAXܓ݂Zn,ɐl,420,1,h,245000
503202.189,128811.298,,s@搼VU|PV|V,122,_,W2,2,s撬,,40,ʏZAZZn,tO,540,1Z,h,263000
503211.168,128756.725,,s@{ؖkX|QP,131,Z,S4,4,s撬,,110,X܁AX܌ZԊƒn,勴,1200,ߏ,h,265000
503212.082,128795.857,,s@搼V{P|PQ|PS,92,_,W2,2,s撬,,49,ʏZAZԏZn,tO,430,1Z,h,262000
503212.944,128813.343,,s@搼VP|RQ|R,110,_,W2,2,s撬,,60,ʏZԊ̏Zn,tO,430,1Z,h,285000
503224.672,128762.239,,s@{ؓQX|P,115,_,W2,2,s撬,,45,ʏZAƏ݂Zn,V,1400,H,h,227000
503229.6,128868.17,,s@ɋS|Q|PS,153,_,W3,3,s撬,,45,ʏZAZԏZn,|m,680,1,h,301000
503229.978,128759.531,,s@{؂Q|S|QP,296,_,S2,2,s{,,200,X܁AcƏHƒn,V,1400,ߏ,h,278000
503242.351,128777.898,,s@֌R|QP|Q,85,_,W2,2,s撬,,55,X܁AHXԋߗ׏ƒn,V,700,ߏ,h,360000
503243.608,128860.29,,s@搼|̒˂Q|Q|W,713,Z,RC6,6,s撬,쐼,165,X܃rAX܌Zԏƒn,|m,170,,h,500000
503245.609,128718.58,,s@Z؂Q|T|U,337,Z,SRC6F1B,6,s{,k,150,K͓Xܓԓs̏ƒn,kZ,1600,ߏ,h,358000
503245.814,128878.742,,s@擌ɋR|S|SQ,192,_,W2,2,s撬,,74,ʏZAZ݂Zn,|m,690,1,h,262000
503253.769,128819.227,,s@擇S|PS|W,148,_,LS2,2,s撬,쓌,46,ʏẐقɋZZn,V,870,1,h,265000
503256.924,128860.002,,s@|̒˂U|X|Q,132,_,LS3,3,s撬,,80,X܃rAXܓԉwȌƒn,|m,250,,h,666000
503268.336,128793.618,,s@~R|V|PV,69,_,W3,3,s撬,,40,K͈ʏZɋZZn,~,430,H,h,291000
503269.077,128847.268,,s@|̒˂Q|PX|Q,205,_,S3,3,s撬,,60,K͈ʏZ̑ՐÂȏZn,|m,850,1,h,376000
503270.776,128701.214,,s@ZPUԂSR,138,,_,0,s撬,,36,ʏZAZAHꓙ݂Zn,kZ,750,1Z,h,380000
503271.204,128854.844,,s@|̒˂T|P|Q,132,_,S4,4,s撬,,220,K͓X܁AZHƒn,|m,700,ߏ,h,430000
503271.493,128776.793,,s@~cV|RS|PR,80,_,S3,3,s撬,,130,wrAX܂ԉwOߗ׏ƒn,~,150,ߏ,h,564000
503272.131,128889.63,,s@搼ۖ؊ԂQ|PX|PO,60,_,W2,2,s撬,,45,ʏZAX܂݂Zn,|m,1300,1,h,232000
503281.686,128681.764,,s@ZQS|Q,117,_,S3,3,s撬,k,73,X܁AZ݂ƒn,kZ,510,,h,481000
503286.438,128687.65,,s@ZPX|V,138,Ԍ,S8,8,s撬,k,160,w̎AZԏƒn,kZ,270,,h,752000
503287.667,128765.982,,s@~cV|W|PO,116,_,LS3,3,s撬,k,53,K͈ʏZɋZZn,~,800,1Z,h,284000
503291.728,128704.33,,s@ZOڂVOԂQ,148,_,RC3,3,s撬,k,70,wX܃rAXܓԏƒn,kZ,300,,h,1230000
503292.588,128792.663,,s@撆{P|PX|P,190,Z,S7,7,,,250,K͂ȎAXܓHƒn,~,800,ߏ,h,366000
503299.847,128669.062,,s@Z։PP|QP,760,_,_,0,s撬,,110,K͂̍Hꓙ̑ɏZ݂Hƒn,։,830,H,h,245000
503300.397,128715.77,,s@ZT|QT|PS,87,_,S3,3,s撬,,54,K͈ʏZԊ̏Zn,kZ,560,1Z,h,464000
503307.117,128697.949,,s@ZSO|QQ,122,_,S3,3,s撬,,72,K͂̏XܓԉwȌƒn,kZ,250,,h,1140000
503309.983,128822.386,,s@敽R|PT|QS,151,_,W2,2,s撬,,60,ʏẐقɏX܂Zn,Z,1400,1,h,235000
503317.595,128705.378,,s@moQR|PP,100,_,S3,3,s撬,,55,ʏZAƏ݂Zn,kZ,650,H,h,441000
503321.509,128758.304,,s@搼Q|QR|QX,128,Z,S3,3,s撬,k,90,X܂ԉwɋ߂ߗ׏ƒn,ܔ,240,ߏ,h,453000
503328.428,128855.094,,s@擌ۖ؊ԂQ|PX|R,165,_,LS2,2,s撬,,60,ZAZ̑ɒԏZn,Z,1500,2,h,253000
503339.799,128846.597,,s@擌ۖ؊ԂP|QU|QR,651,_,S1,1,s撬,,120,wX܁AƏԘHƒn,Z,1000,H,h,299000
503343.261,128780.166,,s@R|PX|PT,107,_,W2,2,s撬,,60,K͂̈ʏZՐÂȏZn,,310,1,h,367000
503343.616,128832.426,,s@ZR|PO|QQ,133,_,W3,3,XH,,60,ʏZyn搮ƒn̏Zn,Z,500,1Z,h,347000
503351.234,128872.113,,s@ԔS|QR|W,125,_,W2,2,s撬,k,60,ʏZAqɁAƏ݂Zn,Z,1500,2,h,218000
503360.367,128741.769,,s@戻P|RW|QO,146,_,S3,3,s撬,,73,wrAK͈HXԋߗ׏ƒn,,110,ߏ,h,542000
503361.464,128732.695,,s@戻P|PX|PO,135,_,LS3,3,s撬,k,45,ʏZAZԏZn,,360,1,h,394000
503367.02,128750.656,,s@戻R|PU|U,518,Z,RC7,7,s{,k,150,w̓X܌Zƒn,,280,,h,735000
503377.222,128753.531,,s@戻R|QQ|V,486,_,RC2,2,s撬,k,60,ʏZAZZn,,420,1Z,h,520000
503378.068,128806.275,,s@Q|PQ|PU,201,_,W2,2,s撬,,60,ʏẐقɍƏꓙZn,k,650,1Z,h,282000
503387.219,128842.357,,s@_P|W|PP,100,_,W2,2,s撬,,40,K͈ʏZAZԏZn,k,1600,1,h,190000
503428.806,128779.791,,s@擌aS|X|PS,132,_,LS2,2,s撬,k,118,K͈ʏZAZԏZn,TL,1100,1Z,h,305000
503472.174,128767.761,,s@撆Q|PP|Q,179,Z,LS3,3,s撬,쐼,60,ʏẐقɋZZn,TL,620,1Z,h,330000
503183.804,128597.304,䓌,s@䓌؂P|P|T,147,_,W2,2,s撬,k,53,K͈ʏZrIՐÂȏZn,J,640,1,h,772000
503192.174,128560.864,䓌,s@䓌U|PS|V,166,_,SRC8F1B,8,,k,390,w̓X܃rԉwȌƒn,,130,,h,8540000
503192.505,128540.336,䓌,s@䓌T|PT|PR,136,_,SRC9,9,,,440,w̓X܁Aԏƒn,k,180,,h,2320000
503207.623,128548.077,䓌,s@䓌擌P|V|PR,151,_,RC8,8,s撬,,110,w̓X܁Arԏƒn,k,400,,h,1070000
503207.819,128600.456,䓌,s@䓌捪݂R|U|R,68,Z,RC7,7,s{,쐼,350,w̓X܎pZԏƒn,J,290,,h,736000
503216.272,128560.325,䓌,s@䓌擌R|RR|X,159,Z,SRC9,9,s{,k,330,X܂̂قrԏƒn,ג,1,,h,1570000
503216.283,128547.763,䓌,s@䓌挳󑐂P|U|PQ,168,_,SRC8,8,s撬,,220,w̎A}Vԏƒn,Vk,110,,h,1000000
503216.431,128586.722,䓌,s@䓌扺JP|S|PO,227,_,SRC10,10,,쓌,440,w̎rԏƒn,J,230,,h,1040000
503225.266,128513.076,䓌,s@䓌󑐋P|QV|S,79,_,S5,5,s撬,,110,w̓X܌rԏƒn,󑐋,150,,h,793000
503230.034,128511.293,䓌,s@䓌󑐋P|PW|PO,198,_,SRC9,9,,쓌,330,w̓X܃rԉwȌƒn,󑐋,1,,h,2270000
503230.695,128614.967,䓌,s@䓌捪݂T|PP|S,104,_,S3,3,s撬,쐼,36,ʏZ̒ɓX܁AƏZn,Om,620,1Z,h,532000
503231.946,128579.046,䓌,s@䓌揼JR|PP|R,119,_,S4,4,s撬,,60,K͂̎ƏAZ݂鏤ƒn,J,620,,h,586000
503232.963,128505.916,䓌,s@䓌P|U|Q,122,Z,RC6,6,s撬,쐼,110,HX܁Aԏƒn,󑐋,180,,h,787000
503234.514,128613.449,䓌,s@䓌扺JR|PS|S,152,Z,SRC9,9,s撬,k,171,wA}V݂鏤ƒn,Om,480,,h,705000
503241.191,128548.516,䓌,s@䓌P|PS|W,100,_,RC5,5,s撬,k,60,AƏAZ݂鏤ƒn,c,360,,h,562000
503246.259,128529.534,䓌,s@䓌摠OQ|S|T,254,_,RC7F1B,7,,k,270,w̓X܁Ařԏƒn,O,1,,h,1130000
503249.756,128626.219,䓌,s@䓌OmւP|QW|PO,412,Ԍ,SRC8F1B,8,,k,330,AX܁A}Vԏƒn,Om,60,,h,894000
503250.658,128564.734,䓌,s@䓌搼󑐂Q|PR|PO,110,Z,SRC7,7,s{,,330,w̓X܁A}Vԏƒn,΃GNXvX,160,,h,1190000
503254.236,128616.889,䓌,s@䓌OmւP|T|P,139,Z,S5,5,s撬,,110,X܁AƏA}V݂鏤ƒn,Om,400,,h,497000
503260.679,128545.155,䓌,s@䓌`P|S|PT,219,Ԍ,SRC6,6,,쓌,270,w̓X܌rԏƒn,,190,,h,1100000
503262.119,128563.837,䓌,s@䓌󑐂P|QX|U,113,Z,SRC8,8,s撬,,150,w̓X܃rԔɉ؂ȏƒn,,350,,h,1650000
503283.945,128609.242,䓌,s@䓌擌󑐂Q|PV|PU,105,Z,S5,5,s{,,220,wX܁AƏAZ݂鏤ƒn,Z,850,,h,391000
503287.236,128578.715,䓌,s@䓌󑐂V|Q|V,132,_,RC5,5,s{,,250,ƏrA}V݂鏤ƒn,,740,,h,629000
503291.389,128614.977,䓌,s@䓌搴Q|Q|U,155,_,RC5,5,s撬,,150,K͂̊e포X܂ԏƒn,Z,900,ߏ,h,373000
502770.785,128134.313,c,s@cczT|TR|PT,166,_,W2,2,s撬,k,40,ʏZAZ݂Zn,cz,1100,1,h,421000
502776.504,128147.306,c,s@cczS|QV|W,231,_,W2,2,s撬,,54,K͈ȏ̈ʏZԊՐÂȏZn,cz,780,1,h,668000
502828.448,128122.709,c,s@cczP|PU|PW,129,_,W2,2,s撬,k,55,ʏZɃAp[gZn,,740,1,h,545000
502843.509,128121.816,c,s@cJQ|PX|P,353,Z,RC4,4,s{,k,250,w̓XܕtZԘHƒn,ႪJ,330,ߏ,h,633000
502852.801,128090.032,c,s@c搼䒬PU|PR,147,_,W2,2,s撬,,60,ʏZAZ݂Zn,v,550,1,h,468000
502867.264,128185.16,c,s@ck瑩R|QW|PR,114,_,S3,3,s撬,k,130,wX܌rԉwOƒn,剪R,1,ߏ,h,970000
502867.492,128054.237,c,s@c扺ێqR|W|PS,172,_,S4,4,s撬,쓌,63,XܓԉwȌƒn,ێq,100,ߏ,h,607000
502870.183,128195.179,c,s@ck瑩P|RX|V,193,_,LS2,2,s撬,k,55,K͈ʏZԊՐÂȏZn,剪R,350,1,h,640000
502876.351,128089.114,c,s@cvR|RV|U,254,ԌɁAZ,RC6,6,s撬,k,90,w̓X܌Zԋߗ׏ƒn,v,240,ߏ,h,655000
502881.241,128049.408,c,s@c扺ێqP|X|QP,175,_,W2,2,s撬,k,82,ʏZAAp[g݂Zn,Vc,410,1Z,h,421000
502890.152,128042.4,c,s@cP|PT|PR,99,_,S3,3,s撬,,40,K͏X܂ԏƒn,Vc,100,ߏ,h,601000
502893.172,128154.312,c,s@crQ|RV|Q,228,Z,RC5,5,s撬,k,69,X܌ZAwXܓ݂鏤ƒn,r,200,ߏ,h,585000
502894.525,128079.181,c,s@cvS|SQ|S,173,_,RC2,2,s撬,k,70,K͈ʏZ搮RƂZn,璹,750,1,h,524000
502912.051,128165.88,c,s@crP|RQ|R,88,_,S2,2,s撬,k,50,w̏XܓԉwȌƒn,,1,ߏ,h,635000
502916.039,128008.194,c,s@c摽Q|PW|U,196,_,S3,3,s撬,,102,ZAHꓙ݂Zn,n,650,H,h,378000
502919.47,128153.737,c,s@crS|QT|S,177,_,W2F1B,2,s撬,k,69,K͂̈ʏZ̏Zn,,600,1,h,515000
502927.391,128114.349,c,s@c搼nQ|QT|PR,165,_,W2,2,s撬,k,60,K͈ʏZAAp[g݂Zn,n,380,1,h,465000
502930.524,128060.215,c,s@crU|R|W,134,Z,RC5,5,s撬,k,73,X܁AHXԉwȌƒn,r,1,,h,933000
502933.332,128079.712,c,s@crQ|PX|X,190,_,W2,2,s撬,k,55,ʏZAAp[g݂Zn,r,700,1Z,h,451000
502944.314,128115.101,c,s@cnT|RO|U,316,_,S6F1B,6,,k,250,wX܎Zԏƒn,n,70,Z,h,671000
502948.409,128012.36,c,s@cVcQ|QR|PT,121,_,LS2,2,s撬,,80,ʏZ̒ɃAp[gZn,@,700,1Z,h,416000
502951.442,127979.712,c,s@c搼ZQ|QV|PT,99,_,S2F1B,2,s撬,,40,ʏZɋZ݂Zn,GF,800,H,h,374000
502954.859,128160.45,c,s@cknQ|SW|PP,153,Z,S3F1B,3,s撬,쐼,80,wX܌Zԋߗ׏ƒn,n,430,ߏ,h,611000
502960.46,128024.291,c,s@c搼cV|TP|PP,117,_,S3,3,s撬,,80,XܓAwOʂ艈̏ƒn,c,430,,h,772000
502965.747,127956.351,c,s@c擌ZR|PS|T,179,_,W2,2,s撬,k,55,ʏZAZZn,Zy,650,H,h,363000
502968.232,127992.907,c,s@c撇ZP|RS|W,165,_,W3,3,s撬,쐼,42,ʏZAAp[g݂Zn,GF,550,1Z,h,384000
502971.549,128123.49,c,s@cnP|SW|W,161,_,LS2,2,s撬,쓌,70,ʏZAZԏZn,n,870,1,h,456000
502989.041,128010.319,c,s@c抗c{Q|Q|Q,246,Z,RC7,7,s{,k,300,wX܌ZȂƒn,c,650,ߏ,h,740000
502993.12,128020.188,c,s@c抗cS|QQ|Q,148,_,SRC7,7,s撬,k,200,w̎rԏƒn,c,400,,h,1260000
502994.328,128052.099,c,s@cXV|Q|T,180,h,S4,4,s撬,k,55,HAAZAqɂ݂n,~~,800,H,h,380000
503001.293,128135.677,c,s@cRP|RT|T,134,_,W2,2,s撬,쓌,45,K͏ZՐÂȍ̏Zn,X,870,1,h,564000
503001.654,128028.882,c,s@c抗cR|R|PS,132,_,W2,2,s撬,,40,ʏZAZ݂Zn,c,600,1Z,h,446000
503012.561,128109.604,c,s@cRR|RO|W,176,Z,S4,4,s{,쓌,150,wX܁AXܕtZԏƒn,X,400,,h,790000
503019.476,128043.249,c,s@cXU|PT|PW,85,_,S3,3,s撬,,67,K͂̏XܓԉwȌƒn,~~,90,,h,677000
503026.542,128059.433,c,s@cXT|X|R,171,Z,S3,3,s撬,k,64,X܁AHXԏƒn,X,200,ߏ,h,543000
503032.529,128029.014,c,s@cXR|QX|S,122,_,W2,2,s撬,,54,ʏZAAp[g݂Zn,~~,590,1Z,h,395000
503035.654,127983.058,c,s@c攋Q|PP|PP,101,_,S3,3,s撬,,53,K͏ẐقɒHZn,J,600,H,h,397000
503053.538,128074.271,c,s@cXP|PP|V,69,_,W2,2,s撬,,110,K͈ʏZAZ݂Zn,a,480,H,h,407000
503057.92,128025.119,c,s@cXP|PX|PP,100,_,W2,2,s撬,,55,K͏ZAHꓙ݂Zn,咹,1300,H,h,351000
503072.57,128044.655,c,s@cXT|RQ|S,158,_,RC3,3,s撬,k,54,ʏZAAp[gAHꓙ݂Zn,X,1300,H,h,359000
503081.919,128100.654,c,s@c敽aR|P|PP,826,_,_,0,s撬,,150,HAqɂԗʋƖn,ʃZ^[,540,H,h,439000
503085.974,128026.375,c,s@cXQ|V|Q,74,_,W2,2,s撬,k,80,K͓X܁AZ݂ߗ׏ƒn,咹,1600,ߏ,h,378000
503099.261,127972.533,c,s@cHcT|QT|PU,85,_,W2,2,s撬,k,55,ʏZAK͍ƏꓙZn,,500,1Z,h,371000
503162.924,128055.208,c,s@c拞lQ|V|PU,1320,_,S2,2,s撬,k,160,K͍HꂪԗՊCHƒn,a,1900,H,h,278000
503137.148,128413.202,,s@V|R|PS,84,_,S10F1B,10,s撬,k,80,ẅHX܂ԏƒn,,360,,h,6700000
503148.327,128414.018,,s@U|W|R,260,_,S10F1B,10,s撬,k,145,w̓X܁AX܌ԏƒn,,150,,h,30700000
503148.542,128405.995,,s@V|PP|PS,159,_,SRC7F1B,7,s撬,k,130,w̓X܁Aƒn,,400,,h,7800000
503161.539,128424.488,,s@Q|U|V,353,_,RC8F1B,8,,쓌,270,w̓X܁AX܌ԏƒn,꒚,1,,h,41900000
503162.869,128433.827,,s@攪dFQ|PO|T,167,_,RC5,5,s撬,k,60,K͂̎rԏƒn,,220,,h,2290000
503169.372,128417.745,,s@Q|PQ|PS,319,_,SRC10F1B,10,s{,k,440,w̓X܁Arԏƒn,,120,,h,7090000
503169.747,128436.214,,s@拞Q|S|PT,1169,ԏ,SRC13F2B,13,s撬,쐼,330,w̓X܁Arԏƒn,,1,,h,14900000
503175.917,128435.262,,s@拞Q|U|PS,308,_,RC6,6,s撬,쐼,80,w̓X܁Arԏƒn,,120,,h,2470000
503177.955,128452.825,,s@{Q|R|PW,278,_,S8F1B,8,s撬,쐼,150,w̓X܁Arԏƒn,{,150,,h,9500000
503182.628,128405.33,,s@znR|X|PO,257,_,SRC10,10,s{,k,330,wX܌̏ƒn,zn,70,,h,2190000
503184.171,128417.957,,s@VxQ|S|S,96,_,SRC9,9,s撬,쓌,180,K͂̎rAX܂ԏƒn,Vx,70,,h,1870000
503186.279,128480.904,,s@{{S|P|PP,330,ԏ,SRC9F1B,9,,쓌,270,w̓X܁Arƒn,V{,1,,h,5400000
503187.567,128469.044,,s@{P|T|R,730,_,SRC9F3B,9,,,270,w̓X܁Arԏƒn,OzO,1,,h,17300000
503190.098,128398.131,,s@znV|PO|PP,133,_,RC6F1B,6,s撬,k,150,wX܌⋤Zƒn,zn,400,,h,1440000
503192.167,128352.335,,s@搰CT|P|X,4158,ZAԏ,SRC20,20,s撬,쓌,200,w}V̂قpnZn,ǂ,900,,h,1010000
503196.547,128475.403,,s@{{Q|U|R,499,_,SRC9F2B,9,s{,,440,w̎rԒSIƒn,OzO,270,,h,2880000
503197.009,128433.891,,s@攪xQ|QP|PP,171,_,RC9F1B,9,s撬,k,110,w̓X܁Arƒn,x,100,,h,1750000
503200.992,128386.133,,s@挎R|QT|R,558,Z,RC9,9,s撬,쓌,110,w̃}VAZ݂Zn,ǂ,500,2Z,h,1240000
503204.267,128477.063,,s@{xP|Q|PT,268,ԏ,SRC8F1B,8,s撬,,160,K͂̓X܌rƒn,`n,400,,h,1930000
503204.589,128422.638,,s@斩P|Q|V,127,_,SRC8,8,s撬,,150,w̓X܌rS̏ƒn,x,250,,h,1110000
503207.51,128359.71,,s@搰CR|T|P,1882,_,S11F1B,11,s撬,k,200,w̎rԏƒn,ǂ,560,1Z,h,1350000
503211.683,128493.353,,s@{n򒬂P|S|PV,339,Z,RC15,15,,쓌,270,w̓X܌Zԏƒn,n,1,,h,2650000
503215.491,128385.75,,s@挎R|PO|S,84,Z,RC5,5,s{,쓌,360,w}VƒwX܂݂鏤ƒn,,1,,h,2000000
503218.525,128403.184,,s@ςP|T|V,73,_,LS2,2,s撬,,100,K͂ȈʏZWZn,,420,2Z,h,873000
503222.001,128455.992,,s@{akP|QU|U,117,_,SRC7,7,s撬,k,110,wrAwX܂݂鏤ƒn,V{O,210,,h,1210000
503225.458,128470.113,,s@{l`Q|QP|PO,147,_,S7,7,s撬,쓌,150,w̓X܁Arƒn,l`,160,,h,1560000
503230.205,128498.999,,s@擌{Q|QR|S,94,_,RC6F1B,6,s撬,,80,K͂̎rÂ̏ƒn,{,250,,h,925000
503237.025,128450.117,,s@{蒬RT|R,169,_,RC7F1B,7,s撬,k,60,wA}V݂鏤ƒn,V{O,250,,h,861000
503239.268,128469.825,,s@{lQ|QS|W,144,Z,SRC10,10,s{,쓌,270,wX܌ZAwX܂ƒn,l,260,,h,1400000
502697.759,128603.513,,s@{R|PX|T,171,fÏ,RC4,4,s{,,110,K͓X܁AX܌Zԏƒn,m{,70,ߏ,h,765000
502704.99,128608.492,,s@{R|QW|T,167,_,W2,2,s撬,k,55,K͈ʏZɃAp[gZn,m{,320,1,h,454000
502718.731,128601.896,,s@{R|P|PU,67,Z,S3,3,s撬,,54,w̓X܌ZԉwOƒn,sƐ,1,ߏ,h,649000
502739.486,128604.73,,s@U|TQ|T,456,Z,SRC8,8,s{,k,150,w̓Xܕt}VHƒn,,650,ߏ,h,610000
502744.935,128560.853,,s@aP|RU|PQ,159,_,LS2,2,s撬,,35,K͈ʏZAAp[gZn,~,750,1,h,478000
502748.251,128593.238,,s@U|RP|PP,119,Z,S3,3,s撬,,55,X[p[鏬X܂wȌƒn,,70,,h,697000
502791.989,128506.329,,s@{U|QQ|T,215,_,W1,1,s撬,,55,K͈ʏZAAp[gԏZn,V,450,1,h,558000
502793.388,128564.849,,s@VQ|W|PO,170,Z,RC4,4,s撬,k,100,K͂̒wZԏZn,,820,1,h,602000
502793.73,128457.845,,s@R|RV|V,85,_,W3,3,s撬,,36,K͈ʏZAAp[gԏZn,쒬,700,1,h,500000
502796.321,128544.366,,s@撆T|US|X,60,_,RC4,4,s撬,,55,XAHXܓԉwȌƒn,,70,,h,3900000
502798.534,128600.178,,s@܂Q|QR|PP,132,_,W2,2,s撬,k,52,ʏẐقAp[gZn,,550,1,h,462000
502801.492,128524.838,,s@撆S|QV|T,177,Z,RC7,7,s{,,150,wX܁Aw}Vԏƒn,V,460,ߏ,h,996000
502807.088,128478.593,,s@퐶T|PP|QS,178,Z,RC4F1B,4,s{,,150,wX܁A}V݂Hƒn,xm,460,ߏ,h,757000
502807.345,128556.354,,s@VP|Q|PQ,137,Z,S4,4,s{,,150,w̓X܁AZԏƒn,,680,ߏ,h,1020000
502807.381,128460.213,,s@R|PQ|PP,75,_,S3,3,s撬,k,60,w̓X܌Zԏƒn,xm,1000,ߏ,h,600000
502825.16,128637.185,,s@]R|QS|Q,217,h,W2,2,s撬,,60,K͈ʏZɋZZn,V]Óc,300,1,h,469000
502830.864,128520.22,,s@撆R|R|U,92,_,W3,3,s撬,,54,ʏZAAp[gԏZn,V,720,1,h,629000
502835.575,128510.89,,s@{R|RO|PO,264,Z,SRC10,10,s{,k,250,w̓X܁AZƒn,,410,,h,1270000
502836.494,128569.329,,s@㍂cS|RS|S,101,_,W2,2,s撬,,55,ʏẐقZZn,VtO,620,1,h,476000
502866.116,128550.246,,s@擌S|PQ|PW,161,_,LS2,2,,쓌,40,ʏẐق}VZn,,350,1,h,620000
502866.781,128515.241,,s@撆P|RO|QR,241,_,W2,2,s撬,,55,ʏZA}VԏZn,,360,1,h,696000
502674.097,128794.593,,s@搬P|QW|PR,235,Z,SRC8,8,,k,250,wX܎Zԏƒn,nS,50,,h,813000
502693.002,128826.014,,s@搬S|QV|PP,96,_,W2,2,s撬,,50,ˌZ𒆐SɋZZn,,1100,1,h,336000
502724.052,128789.835,,s@Ԓ˂U|S|PS,191,_,W2,2,s撬,k,40,ʏẐقɃAp[gZn,Ԓ,600,1,h,362000
502737.432,128768.838,,s@ԒːVP|V|R,121,_,W2,2,s撬,,60,K͈ʏZAAp[gԏZn,Ԓ,550,1Z,h,369000
502772.022,128772.661,,s@擿ۂR|PW|U,119,_,W2,2,s撬,,60,K͏ZɃ}VZn,n,300,1,h,423000
502776.682,128769.618,,s@擿ۂR|P|QO,119,_,RC4,4,s撬,k,110,X܁A}Vԏƒn,n,130,ߏ,h,554000
502798.865,128866.036,,s@V݂͊P|PV|PU,75,_,W3,3,s撬,k,50,HAƏAʏZ݂Zn,,1200,H,h,292000
502804.915,128820.719,,s@捂P|RV|S,153,_,W2,2,s撬,,60,K͈ʏZ搮RƂZn,,750,1,h,353000
502815.071,128845.087,,s@捂X|QX|R,247,Z,RC5,5,s撬,,60,ZɎƏZn,,680,H,h,360000
502824.253,128830.738,,s@捂P|VX|R,1752,_,SRC5,5,s{,,300,w̓X܌ZHƒn,,130,,h,608000
502830.95,128733.579,,s@R|PU|T,178,_,W2,2,s撬,,60,ʏẐقƏ݂Zn,,550,1,h,405000
502835.818,128820.797,,s@@Q|QO|PQ,132,Z,S3,3,s撬,,100,w̓piXܓԋߗ׏ƒn,@,380,ߏ,h,454000
502838.334,128751.232,,s@ՑS|RP|R,246,_,RC5,5,s撬,쐼,110,w̏X܂ԉwȌƒn,,80,,h,728000
502841.914,128743.483,,s@P|X|W,108,_,S3,3,s撬,k,40,K͈ʏZAAp[gԏZn,,300,1Z,h,409000
502846.153,128824.452,,s@≺Q|RR|W,527,_,SRC3,3,s撬,,110,ẅHX܁Aԏƒn,@,1,ߏ,h,535000
502850.604,128703.722,,s@揬΍R|U|P,65,_,W2,2,s撬,쓌,60,K͏ZA}VԏZn,|,1000,1,h,401000
502851.704,128727.396,,s@擌VP|RO|X,127,_,LS2,2,s撬,,60,K͈ʏZAAp[gԏZn,Ƃ,1000,1,h,391000
502853.425,128663.663,,s@Q|PQ|PP,125,_,W3,3,s撬,k,60,K͈ʏZ𒆐SƂǍDȏZn,|,420,1,h,466000
502858.278,128823.488,,s@≺Q|RO|V,99,_,LS3,3,s撬,,80,ʏZA}VԏZn,@,450,1Z,h,352000
502872.163,128697.11,,s@JkUS|U,92,Z,S4,4,s撬,,90,X܁AƏԋߗ׏ƒn,|,950,ߏ,h,487000
502882.502,128733.616,,s@ՑQ|U|T,105,_,RC4F1B,4,s撬,쓌,150,w̓X܁As݂wȌƒn,Ƃ,70,,h,988000
502890.434,128797.13,,s@uQ|U|PR,120,_,W2,2,s撬,,60,ʏZAZԏZn,u,340,1Z,h,415000
502906.796,128720.467,,s@撆QO|R,76,_,S5,5,s撬,,80,wX܁AHXԉwOƒn,,70,,h,780000
502911.32,128695.251,,s@RQS|R,68,Z,SRC8F1B,8,,쐼,250,w̓Xܕt}Vԏƒn,R,510,,h,732000
502920.889,128749.01,,s@{{RO|U,102,_,W2,2,s撬,k,43,ZAAp[g̊OɍHꓙ݂Zn,{,550,H,h,380000
502923.167,128727.692,,s@otQQ|R,153,_,W2,2,s撬,,45,ʏZAwZԏZn,,650,1,h,433000
502931.149,128725.801,,s@otQ|PQ,109,_,S3,3,s撬,k,83,w̓piXܓԋߗ׏ƒn,{,640,ߏ,h,458000
502935.537,128671.972,,s@撆ےQX|W,175,Z,RC3,3,s撬,k,80,ƏAX܁A}V݂Zn,R,790,H,h,480000
502943.269,128692.665,,s@RPO|Q,99,Z,S3,3,s撬,,60,w}VX̐Zn,R,350,2Z,h,519000
502951.947,128701.111,,s@Q|UT|W,701,_,SRC8F1B,8,s{,,400,w̎A}Vԏƒn,O,220,,h,785000
502990.034,128687.954,,s@P|PU|X,66,_,S5,5,s撬,,9999,wrAHXԉwȌƒn,,0,,h,1200000
502992.833,128702.682,,s@S|RV|Q,171,_,LS2,2,s撬,쓌,80,ʏZAZԏZn,V,290,1,h,480000
502913.619,128185.619,i,s@ȋU|PX|S,132,_,W2,2,s撬,k,53,K͈ʏZ̑ՐÂȏZn,,540,1,h,707000
502915.909,128212.607,i,s@i揬RU|T|U,110,Z,RC5F1B,5,s撬,쓌,60,wXܕpZ𒆐SƂwOߗ׏ƒn,R,130,,h,815000
502933.868,128177.44,i,s@ȋR|PS|Q,86,_,S3,3,s撬,,47,HXAXܓ̏W܂wȌƒn,̑,60,ߏ,h,847000
502947.015,128173.049,i,s@i撆T|Q|W,80,_,RC3,3,s撬,,68,ẘeX܂ԉwȌƒn,`,120,ߏ,h,861000
502948.156,128250.659,i,s@i搼ܔcS|QO|S,69,_,W3,3,s撬,k,54,K͏ZAAp[g݂Zn,sO,680,1Z,h,662000
502951.411,128196.182,i,s@i搼Q|X|P,74,Z,S3F1B,3,s撬,k,42,ʏZAK͋ZԏZn,`,310,1Z,h,625000
502953.924,128224.211,i,s@i`Q|PP|W,144,_,S3,3,s撬,쐼,38,ʏZƃAp[g݂Zn,R,720,1Z,h,628000
502961.495,128197.988,i,s@i撆Q|W|U,125,_,S3,3,s撬,쐼,63,X܌ZԉwŐߗ׏ƒn,`,100,ߏ,h,822000
502962.824,128211.927,i,s@i敽˂R|W|PP,87,_,W2,2,,쐼,45,K͏ZAAp[gAHꂪ݂n,ˉz,430,H,h,624000
502969.594,128251.359,i,s@i搼ܔcT|PP|PR,104,_,RC4,4,s撬,k,71,HXAX܌ZԉwȌƒn,sO,70,ߏ,h,879000
502976.631,128300.208,i,s@iQ|U|PQ,248,_,RC2F1B,2,s撬,,60,ʏZA}VԎȐZn,ڍ,680,1,h,1090000
502978.432,128208.838,i,s@iˉzR|T|PX,230,Z,SRC9F1B,9,,,250,wX܌Z̏ƒn,ˉz,1,,h,1110000
502983.118,128283.142,i,s@iQ|PR|RT,275,Z,SRC9F1B,9,s{,,300,w̓X܁AAZ̑ƒn,ڍ,200,,h,3200000
502984.501,128198.146,i,s@iˉzT|T|PT,127,Z,RC4,4,s{,k,200,w̓X܁AZƒn,ˉz,230,ߏ,h,848000
502993.976,128189.921,i,s@iLR|S|PV,121,_,W2,2,s撬,,44,K͈ʏẐقZZn,ˉz,270,1Z,h,607000
503008.56,128221.937,i,s@iQ|U|PR,182,Z,S3,3,s撬,,110,w̓X܌Zԋߗ׏ƒn,,500,ߏ,h,865000
503025.917,128254.819,i,s@i擌ܔcR|PU|QU,284,_,RC4,4,s撬,,71,K͈ȏ̈ʏZ̏Zn,ܔc,600,1,h,1000000
503036.189,128171.888,i,s@iR|S|W,219,_,RC4F1B,4,s{,,210,wXܕp}VioĂ鏤ƒn,䒬,450,ߏ,h,950000
503038.785,128232.859,i,s@ikiT|X|QW,1353,Z,SRC11,11,s撬,쐼,87,w}VZn,,530,H,h,1030000
503050.135,128145.032,i,s@iS|PQ|V,71,_,W3,3,s撬,k,44,ʏZAZԏZn,,420,H,h,585000
503055.54,128173.165,i,s@i擌R|R|W,108,_,W3,3,s撬,쐼,35,ʏZ̒ɋZZn,䒬,490,1,h,613000
503077.043,128196.97,i,s@iiR|T|T,141,Z,S3,3,s{,k,160,HXAXܓA񂷂wȌƒn,,130,ߏ,h,955000
503090.621,128207.637,i,s@i擌iR|QP|PO,925,_,SRC7,7,,,250,w̓X܁AA}Vn,iV[TCh,700,H,h,845000
503023.575,128554.259,,s@֌P|SS|T,122,Z,RC5,5,s{,k,350,rAZԏƒn,]ː싴,230,,h,1170000
503044.153,128590.057,,s@˂R|T|Q,105,Z,SRC8F1B,8,,쐼,270,w̓Xܕt}Vƒn,䪉גJ,270,,h,1270000
503059.412,128580.028,,s@揬ΐT|R|S,143,_,S9,9,,쐼,270,wXܕtAZԏƒn,䪉גJ,220,,h,1530000
503066.095,128592.659,,s@揬ΐT|RR|U,127,Z,S3,3,s{,k,190,X܌ZA{Ə݂n,䪉גJ,560,H,h,860000
503089.077,128616.992,,s@{Q|X|T,92,_,RC4F1B,4,,쐼,170,X܁Arԏƒn,,130,ߏ,h,945000
503095.271,128591.126,,s@攒RS|QW|PW,99,_,W2,2,s撬,쓌,47,K͂̏Z֐̗ǂZn,R,400,1,h,847000
503098.101,128557.012,,s@揬ΐQ|X|PR,335,Z,RC3F1B,3,s撬,,82,w}VAʏZ݂Zn,y,270,1,h,915000
503099.987,128637.183,,s@{T|S|U,339,Z,SRC12,12,s{,k,250,w}VAwX܂݂鏤ƒn,,550,,h,1240000
503102.012,128613.567,,s@{P|PU|T,175,_,W2,2,s撬,,54,K͏ZՐÂȏZn,{,460,1,h,875000
503107.38,128645.017,,s@{T|TU|PP,91,_,W2,2,s撬,쓌,42,ʏẐقɁAZ݂Zn,,470,ߏ,h,670000
503110.316,128554.854,,s@揬ΐP|R|QP,778,_,SRC8,8,s{,,400,w̓X܁Arƒn,t,1,,h,2190000
503111.689,128602.588,,s@{P|P|QW,120,_,RC5,5,s{,,184,K͂̓X܌Zԏƒn,R,180,,h,1280000
503115.597,128569.55,,s@搼ЂP|PP|T,153,_,LS2,2,s撬,,54,K͈ʏZ̏Zn,t,400,1,h,1050000
503127.479,128559.323,,s@{T|PS|T,125,_,W3,3,,,40,ʏZAZԏZn,{O,600,1Z,h,845000
503131.005,128603.048,,s@ʖ؂P|PP|W,163,_,RC3,3,s撬,k,65,K͂̈ʏZՐÂȏZn,ʖ,550,1,h,890000
503138.537,128548.783,,s@{S|P|R,159,_,SRC9F1B,9,,,220,w̓X܌rԏƒn,{O,120,,h,2020000
503149.274,128614.051,,s@ʖ؂R|SO|Q,471,Z,SRC11,11,s{,,164,w̓Xܕt}Vƒn,ʖ,1,,h,1210000
503157.069,128530.135,,s@擒P|PP|PO,129,Z,RC8F1B,8,s撬,k,269,wrH̏ƒn,䒃m,450,,h,1500000
502848.178,128635.106,L,s@L쒷U|RO|T,145,Z,S3,3,s撬,쐼,43,ʏZAZ݂Zn,,380,1,h,488000
502858.304,128625.356,L,s@L쒷T|QU|PR,113,_,S3,3,s撬,,54,X܁AswȌƒn,,80,,h,698000
502876.646,128629.147,L,s@L撷R|PW|PP,128,_,LS3,3,s撬,,42,K͂̈ʏZԏZn,,600,1,h,515000
502879.325,128658.244,L,s@LvR|PQ|PQ,169,_,RC6,6,s{,k,400,wX܁AwX܎݂鏤ƒn,,90,ߏ,h,730000
502893.461,128660.911,L,s@LP|QO|W,187,_,LS3,3,s撬,k,72,K͈ʏZAAp[g݂Zn,,360,1,h,590000
502897.185,128620.009,L,s@L撷P|S|V,178,_,RC4,4,s撬,,71,X܁AHXԋߗ׏ƒn,Ŗ,200,ߏ,h,595000
502919.313,128625.539,L,s@L搼r܂S|PU|R,184,_,LS2,2,s撬,쓌,40,K͈ʏZAZ݂Zn,v,540,1,h,567000
502940.868,128600.109,L,s@LڔR|PR|P,85,_,RC6,6,s{,,250,ẘeX܂ԏƒn,ڔ,100,,h,1530000
502942.543,128579.891,L,s@L捂cR|RQ|V,607,Z,SRC9,9,s撬,,53,Z⒆wr݂Zn,cn,540,H,h,750000
502952.829,128642.198,L,s@Lr܂Q|TR|PQ,136,_,RC8,8,s撬,,280,w̓X܁Arԏƒn,r,480,,h,1950000
502954.435,128632.261,L,s@L搼r܂P|PX|V,182,_,SRC6F1B,6,s撬,쓌,9999,w̓X܃rԉwOƒn,r,0,,h,7150000
502969.269,128622.227,L,s@Lr܂Q|QV|U,130,_,SRC7F1B,7,s撬,k,200,w̓X܁Arԏƒn,r,300,,h,3260000
502974.778,128581.405,L,s@L捂cP|RU|PP,182,Z,RC4,4,s撬,,66,ʏZAZԏZn,GiJ,220,1,h,580000
502976.068,128627.4,L,s@L擌r܂P|QQ|W,254,_,SRC8F1B,8,s撬,k,150,w̓X܃rԔɉ؂ȏƒn,r,350,,h,7800000
503005.755,128626.141,L,s@L擌r܂S|RX|PR,694,ԏ,SRC14,14,,k,230,wrԊH̏ƒn,,500,,h,1060000
503021.403,128637.421,L,s@Lk˂Q|PQ|Q,142,_,RC4,4,s撬,쐼,100,X܁AHX܃rԏƒn,,110,,h,1110000
503026.472,128663.667,L,s@L搼R|U|Q,79,_,RC3,3,s撬,쐼,77,XɏK͒wX܂ԏƒn,,500,ߏ,h,600000
503038.001,128640.506,L,s@Lk˂P|QS|R,138,_,W2,2,s撬,쓌,50,K͈ʏZՐÂȏZn,,550,1,h,610000
503043.65,128665.708,L,s@L摃T|SP|R,72,_,W2,2,s撬,쐼,45,K͈ʏZAAp[g݂Zn,,770,1,h,485000
503046.053,128648.691,L,s@L摃R|RV|P,63,_,RC4F1B,4,s撬,쐼,90,K͂̏X܁AHXԏƒn,,500,,h,1040000
503055.251,128634.412,L,s@L摃P|RT|U,98,Z,RC6,6,s撬,k,80,w̋ZAX܌Z݂̍n,,290,1Z,h,700000
503076.717,128667.598,L,s@LU|RS|P,142,_,S2,2,s撬,,70,X܂ԋߗ׏ƒn,,680,ߏ,h,611000
502919.584,128838.533,k,s@k敂ԂR|QP|PR,136,Z,S3,3,s撬,,63,rIZԏZn,kԉH,550,H,h,366000
502969.129,128771.392,k,s@k搼uP|PW|PP,131,_,W2,2,s撬,k,58,ʏZԋZǍDȏZn,ԉH,1400,2,h,420000
502978.849,128770.349,k,s@kԉHR|RT|U,175,_,W2,2,s撬,,60,ẅʏZ搮RƂZn,ԉH,1200,1,h,403000
502979.172,128752.466,k,s@k\T|U|P,109,fÏ,RC6F1B,6,s{,,250,^X܁Aw}V݂̍n,\,950,ߏ,h,534000
502986.572,128733.589,k,s@k\Q|PV|S,125,Z,S3,3,s撬,쐼,72,ʏZAX܌ZԏZn,\,450,1Z,h,480000
502993.879,128808.999,k,s@kԉHP|QP|R,201,Z,SRC7F1B,7,s撬,,80,X܁AHXԉwɋ߂ƒn,ԉH,250,,h,1240000
502993.984,128683.025,k,s@kV|W|W,485,,SRC10F1B,10,s撬,,150,w̓X܁AsԉwOƒn,,60,,h,1010000
503004.517,128674.915,k,s@kV|QU|U,137,_,S3,3,s撬,쐼,60,ZAZA݂Zn,,520,1Z,h,500000
503010.961,128773.4,k,s@k擌\U|T|S,175,Z,S3,3,s撬,,59,ʏZAZAXܓ݂n,\,720,H,h,432000
503021.882,128757.158,k,s@k擌\R|PT|PO,158,Z,RC4,4,s撬,k,77,X܁AwrԉwȌƒn,\,160,,h,853000
503025.718,128762.286,k,s@k擌\S|W|PP,204,fÏZ,RC8,8,s撬,,116,X܌ZAsԏƒn,\,400,,h,613000
503025.883,128771.694,k,s@k_JQ|PO|PQ,150,Z,S3,3,s撬,k,58,ʏZAZԏZn,\,780,1Z,h,433000
503037.269,128716.692,k,s@k扤q{P|QW|T,324,Z,RC7,7,s{,쐼,200,X܌ZAZԏƒn,q,550,ߏ,h,641000
503038.39,128686.921,k,s@kP|VU|U,133,_,W3,3,s撬,,40,ʏZAZZn,l,210,1,h,470000
503053.35,128715.08,k,s@k扤qP|PO|PW,465,_,RC5F1B,5,,쓌,9999,w̋sAXܓԉwOƒn,q,0,,h,2120000
503062.88,128754.91,k,s@kLW|PR|P,95,_,W2,2,s撬,,62,ʏZAZԏZn,q_J,470,1Z,h,426000
503080.376,128722.536,k,s@kxDQ|RR|PP,4434,_,SRC6,6,s撬,,90,qɓ̂قɏZHƒn,q,1100,H,h,312000
503085.437,128746.385,k,s@kLS|S|X,165,Z,S4,4,s撬,,80,w̓XܕpZԋߗ׏ƒn,q_J,1100,ߏ,h,485000
503090.728,128748.087,k,s@kLS|V|S,100,_,W3,3,s撬,쐼,37,ZAAp[gAƏZ݂n,q_J,1200,H,h,354000
503095.076,128665.409,k,s@k撆Q|QO|T,132,_,RC4,4,s撬,,60,ʏZAZZn,,410,1Z,h,626000
503095.882,128679.825,k,s@k㒆P|QU|PO,105,_,RC3,3,s撬,,53,ʏZ̊Zn,㒆,370,1,h,536000
503108.954,128694.756,k,s@k揺aQ|T|S,134,_,RC6,6,s{,쐼,218,X܁AA}V݂鏤ƒn,v,300,,h,580000
503131.194,128656.922,k,s@kc[T|Q|PO,202,Z,RC5,5,s撬,k,123,wXܕtZߗ׏ƒn,c[,260,ߏ,h,614000
503271.791,128488.391,nc,s@nc΂R|PQ|U,104,_,RC6,6,s{,,250,X܌}VƎrƒn,X,230,,h,637000
503272.094,128504.012,nc,s@nc΂P|QW|S,181,Z,RC5,5,s{,,250,w̓X܌Zԏƒn,sc,1,,h,867000
503278.874,128503.922,nc,s@nc΂P|QQ|T,267,Z,RC6,6,s撬,k,60,K͂̎Zԏƒn,sc,250,,h,548000
503281.581,128522.179,nc,s@ncΌQ|PV|PS,92,_,RC5,5,s{,,220,X܌}VAX܌Zƒn,sc,580,,h,602000
503289.208,128502.108,nc,s@nc΂Q|PT|PS,196,Z,RC5,5,,,270,X܁AA}Vƒn,sc,500,,h,674000
503295.266,128544.977,nc,s@nc擌`R|PW|W,164,Z,SRC10,10,s{,,220,Xܕt}VA݂鏤ƒn,{ȋ,190,,h,645000
503308.976,128566.454,nc,s@ncR|PS|U,127,Z,RC4,4,s撬,k,80,ZA}VAƏ݂Zn,Ƃ傤XJCc[,350,H,h,446000
503310.506,128481.268,nc,s@nceR|PS|T,215,Z,RC7,7,s撬,,110,}VAƏAZ݂̍n,e,250,H,h,501000
503311.988,128552.575,nc,s@ncƕP|PW|PQ,314,Z,SRC10,10,s{,,330,sɓX܌Zԏƒn,Ƃ傤XJCc[,150,,h,941000
503316.709,128504.091,nc,s@nc]P|PP|W,172,_,SRC10,10,,,400,w̒K͎rԏƒn,ю,400,,h,1040000
503332.784,128608.127,nc,s@nc擌R|PU|PV,155,_,S3,3,s撬,쐼,44,ZAAHꂪ݂Zn,,600,H,h,337000
503333.306,128576.205,nc,s@nc擌Q|PP|PU,161,Z,S4,4,s撬,쓌,180,X܁AcƏA}V݂鏤ƒn,gM,350,,h,474000
503338.215,128593.079,nc,s@nc擌Q|QR|S,112,_,W2,2,,k,220,X܁AZԏƒn,gM,330,,h,463000
503344.639,128563.71,nc,s@nc扟R|PW|X,143,Z,S3,3,s撬,쐼,52,ZAẐقɓX܂Zn,,450,H,h,367000
503348.134,128552.738,nc,s@nc敶ԂP|Q|Q,93,_,S3,3,s撬,k,145,piXAHXԋߗ׏ƒn,,600,ߏ,h,435000
503354.003,128636.63,nc,s@ncncR|RP|PR,111,_,W3,3,s撬,k,80,piXܓԉwɋ߂ƒn,P,160,,h,415000
503369.09,128576.045,nc,s@nc拞R|QO|PO,71,_,S3,3,s{,k,220,AX܌Zƒn,gM,600,,h,424000
503382.305,128558.747,nc,s@nc敶ԂR|QR|X,132,Z,RC7,7,s{,쓌,220,X܁AZԏƒn,,80,,h,432000
503396.274,128537.299,nc,s@nc旧ԂP|QT|Q,88,_,S3,3,,k,40,K͂̈ʏZWHɋ߂Zn,,350,1Z,h,314000
502790.337,128264.529,ڍ,s@ڍ擌uQ|PR|QO,128,_,W2,2,s撬,,50,K͂̈ʏZZn,w,600,1,h,725000
502798.232,128196.883,ڍ,s@ڍ掩RuQ|PW|QU,308,_,RC2,2,s撬,k,54,K͈ȏ̈ʏZՐÂȏZn,Ru,500,1,h,1090000
502825.285,128223.022,ڍ,s@ڍ攪_P|T|U,272,Z,RC7F1B,7,s{,쓌,250,w̓XܕtZԏƒn,sw,280,,h,1120000
502832.381,128196.772,ڍ,s@ڍ΂uQ|R|Q,161,_,S3,3,s撬,,60,K͂̈ʏZAAp[gZn,΂u,600,1,h,773000
502857.278,128362.937,ڍ,s@ڍQ|PT|V,169,_,LS3,3,s撬,,40,K͈ʏZAAp[g݂Zn,꓌O,300,1,h,805000
502857.358,128256.827,ڍ,s@ڍ蕶JU|W|PQ,132,_,W2,2,s撬,,52,K͈ʏZZn,w|w,500,1,h,810000
502869.498,128346.819,ڍ,s@ڍ勴Q|QQ|W,674,_,S10F1B,10,,쓌,400,wX܎rԉwȌƒn,rK勴,140,,h,1780000
502887.44,128241.202,ڍ,s@ڍ蕶JP|PQ|QO,281,Z,RC4,4,s撬,k,110,wZAʏZԏZn,w|w,1200,1Z,h,710000
502892.732,128294.319,ڍ,s@ڍSVQ|R|PP,142,_,RC3,3,s撬,쐼,69,X܁AHXܓԉwȌƒn,SV,100,ߏ,h,890000
502899.394,128298.67,ڍ,s@ڍSVP|QT|S,203,_,LS2,2,s撬,k,45,ʏZAZԏZn,SV,400,1,h,775000
502900.993,128219.087,ڍ,s@ڍ挴P|QR|U,76,_,W2,2,s撬,,60,ˌZAAp[g݂Zn,R,450,1Z,h,687000
502902.32,128195.808,ڍ,s@ڍQ|QU|P,166,Z,RC3,3,s撬,k,127,HXAXܓԉwȌƒn,,70,ߏ,h,800000
502907.895,128330.662,ڍ,s@ڍtP|PU|PO,244,_,S4,4,s撬,쐼,55,w}VƓX܁A݂n,ڍ,480,H,h,1070000
502914.145,128314.434,ڍ,s@ڍڍQ|PR|S,89,Z,RC5F1B,5,s撬,쓌,73,w̏Xܓԏƒn,ڍ,190,,h,1260000
502916.652,128318.648,ڍ,s@ڍڍR|S|R,155,_,RC6,6,s{,k,350,wX܌rԉwOƒn,ڍ,1,,h,3600000
502953.116,128267.939,ڍ,s@ڍ扺ڍR|T|QQ,95,_,S4,4,s撬,k,49,K͈ʏZAAp[g݂Zn,ڍ,760,1,h,695000
502449.512,128658.114,n,s@nQ|PT|X,143,_,W2,2,s撬,쐼,40,K͂̈ʏZԏZn,ےJ,1200,1,h,297000
502449.738,128731.314,n,s@n搼T|QS|R,104,_,W2,2,s撬,,40,K͈ʏZZn,ےJ,1400,1,h,259000
502455.573,128689.445,n,s@nS|SW|T,142,_,W2,2,s撬,,40,ʏZAAp[gԏZn,ےJ,470,1,h,342000
502476.066,128608.013,n,s@n֒kQ|X|T,165,_,W2,2,s撬,,60,K͈ʏZ搮RƂZn,,410,1,h,417000
502479.661,128596.61,n,s@n֒R|RO|T,165,_,W2,2,s撬,,55,ʏZÂقɔ_nZn,,850,1,h,376000
502496.574,128771.959,n,s@nwU|PR|QS,190,_,W2F1B,2,s撬,k,57,ʏZԋ搮RƂZn,w,2600,1,h,247000
502497.277,128615.666,n,s@n֒P|PS|Q,150,_,W2,2,s撬,,60,K͈ʏZ⋤ZԏZn,,570,1,h,390000
502502.136,128665.493,n,s@nΐ_U|PP|PU,125,_,W2,2,s撬,,40,K͂̈ʏZԏZn,w,1300,1,h,327000
502505.086,128721.805,n,s@nwQ|R|PU,166,_,W2,2,H,,40,ʏZAAp[gZn,w,900,1,h,322000
502516.972,128788.067,n,s@nwV|PU|U,205,_,W3,3,s撬,,55,K͈ʏZՐÂȏZn,w,3000,1,h,255000
502519.802,128735.672,n,s@nwP|V|PV,342,Z,RC4F1B,4,s撬,,127,HXAcƏAZHƒn,w,1200,ߏ,h,417000
502520.004,128686.291,n,s@n擌T|QU|PR,147,_,W2,2,s撬,,60,K͈ʏZAp[g̑Zn,w,550,1,h,412000
502521.793,128708.718,n,s@n擌R|QS|Q,246,_,W2,2,s撬,,60,K͈ʏZ搮RƂZn,w,480,1,h,441000
502524.826,128613.067,n,s@nΐ_P|PV|PS,63,Z,S3,3,s撬,k,72,K͓X܁AX܌Zԏƒn,ΐ_,180,ߏ,h,602000
502537.641,128734.926,n,s@n򒬂T|QX|PR,165,_,W2,2,s撬,k,43,K͈ʏZԏZn,w,1700,1,h,301000
502539.062,128639.674,n,s@nΐ_R|QQ|Q,187,_,W2,2,s撬,k,50,ʏŽԊՐÂȏZn,ΐ_,1000,1,h,346000
502549.439,128768.482,n,s@n򒬂R|RT|X,98,_,W2,2,s撬,,55,K͈ʏZԊ̏Zn,w,2700,1,h,234000
502585.38,128649.999,n,s@n扺ΐ_R|PX|PP,171,_,W2,2,s撬,k,40,K͂̈ʏZAAp[gZn,ΐ_,1000,1,h,341000
502586.341,128631.154,n,s@n扺ΐ_Q|QT|PS,132,_,LS2,2,s撬,k,41,ʏẐقAp[gZn,䑐,960,1,h,369000
502586.84,128693.325,n,s@nΐ_䒬Q|RO|Q,138,_,W2,2,,,45,K͂̈ʏZAAp[gZn,ΐ_,640,1,h,408000
502587.389,128733.257,n,s@nyxcR|PO|V,135,_,W2,2,H,,55,ʏẐقɋnZn,ΐ_,1900,1,h,279000
502614.592,128653.072,n,s@ncR|QW|PS,480,ԏ,S3,3,s{,,250,X܁A}V݂Hƒn,n,530,Z,h,533000
502623.302,128710.75,n,s@nJR|U|PR,152,_,LS2,2,s撬,,50,ʏZ𒆐SɃAp[gZn,ΐ_,1700,1,h,316000
502625.444,128752.84,n,s@nyxcP|PW|W,119,_,W2,2,s撬,,50,ʏZAAp[g݂Zn,u,1500,1,h,282000
502644.965,128631.886,n,s@nxmP|PO|PO,181,_,LS2,2,s撬,,55,ʏẐقAp|g݂Zn,xm,900,1,h,376000
502655.209,128682.04,n,s@nшS|ST|RR,111,_,W2,2,s撬,k,50,K͈ʏZԏZn,xm,1300,1,h,333000
502661.641,128657.737,n,s@nшR|RW|T,193,_,W2,2,s撬,쐼,40,ʏZAZԏZn,xm,400,1,h,390000
502669.138,128647.418,n,s@nшR|P|PQ,131,Z,S4,4,s撬,k,54,w̓X܌Zw߂̏ƒn,xm,100,,h,718000
502671.531,128693.045,n,s@n捂Q|PW|T,128,Z,LS2,2,s撬,,40,ʏZAp[gZn,nt,1100,1,h,335000
502695.238,128631.377,n,s@n撆R|RS|Q,107,_,W3,3,s撬,,60,K͏ZAAp[gԏZn,,800,1,h,420000
502722.638,128665.629,n,s@nRQ|QS|PO,180,_,W2,2,s撬,k,55,K͈ʏZZn,L,500,1,h,413000
502723.851,128709.244,n,s@ntP|RU|T,125,_,W2,2,s撬,,50,K͈ʏZՐÂȏZn,nt,490,1,h,400000
502732.364,128759.875,n,s@nkW|PS|PT,108,_,W2,2,s撬,k,60,ʏZ̒ɃAp[gZn,nSԒ,390,1,h,376000
502737.342,128671.858,n,s@nnS|QT|PR,122,Z,S3,3,s撬,,120,X܁AsԉwȌƒn,scL,1,ߏ,h,587000
502747.823,128652.963,n,s@nLʖkU|P|W,176,_,SRC8F1B,8,s{,k,165,w̓X܁Arԏƒn,n,300,,h,1320000
502749.231,128616.537,n,s@nLʓR|W|S,148,h,W2,2,s撬,,60,ʏZAZZn,,850,1,h,415000
502749.816,128634.969,n,s@nLʒR|QU|U,131,_,W2,2,s撬,,60,ʏZAAp[gԏZn,n,850,1,h,430000
502758.55,128732.648,n,s@n敽aS|QQ|PV,84,Z,S4,4,s{,k,250,wXܓԊH̏ƒn,a,210,ߏ,h,567000
502778.275,128683.49,n,s@nT|RU|QT,111,_,W2,2,s撬,k,50,K͂̈ʏZՐÂȏZn,X,810,1,h,422000
502778.643,128704.658,n,s@n摁{P|PW|QU,109,_,W2,2,s撬,,45,ʏZAAp[gԏZn,X,550,1,h,406000
502784.705,128740.361,n,s@n敽aQ|QQ|R,117,_,W3,3,s撬,,60,ʏZAAp[gԏZn,a,1000,1,h,404000
502784.715,128656.757,n,s@nLʏQ|PS|PO,113,Z,RC7,7,s{,k,195,wXܕtZs̏ƒn,,100,,h,845000
502791.044,128643.555,n,s@nLʖkQ|QQ|PR,416,Z,RC9,9,s{,k,250,Ər}VԘHƒn,V]Óc,600,ߏ,h,600000
502791.111,128700.28,n,s@n摁{P|P|P,198,Z,S3,3,s撬,쓌,110,wX܁AwX܃rԋߗ׏ƒn,X,90,ߏ,h,616000
502791.801,128757.557,n,s@nkP|QW|Q,259,Z,S3,3,s撬,쐼,60,ʏZAAp[gA݂n,n,520,H,h,401000
502794.882,128759.987,n,s@nkP|RQ|P,63,_,S3,3,s撬,쐼,82,K͂̏X܂ԏƒn,n,450,ߏ,h,520000
502822.488,128691.589,n,s@nHQ|QX|S,159,_,W2,2,s撬,,40,K͂̈ʏZZn,|,800,1,h,425000
502826.44,128646.016,n,s@n戮uP|TW|X,107,_,RC6,6,s{,k,150,X܁AA}V݂鏤ƒn,]Óc,350,ߏ,h,649000
502843.496,128650.828,n,s@n戮uQ|QQ|V,173,_,W3,3,s撬,쐼,43,K͂̈ʏZZn,]Óc,680,1,h,454000